BEGIN
BEGIN 
EXECUTE IMMEDIATE 'CREATE TABLE 
"__EFMigrationsHistory" (
    "MigrationId" NVARCHAR2(150) NOT NULL,
    "ProductVersion" NVARCHAR2(32) NOT NULL,
    CONSTRAINT "PK___EFMigrationsHistory" PRIMARY KEY ("MigrationId")
)';
END;
EXCEPTION
WHEN OTHERS THEN
    IF(SQLCODE != -942)THEN
        RAISE;
    END IF;
END;
/

BEGIN 
EXECUTE IMMEDIATE 'CREATE TABLE 
"ACCESS_LOG" (
    "ID" NUMBER(19) NOT NULL,
    "APPLICATION_TYPE" NUMBER(10) NOT NULL,
    "CHANNEL" NVARCHAR2(20),
    "ACTION" NVARCHAR2(80),
    "USERNAME" NVARCHAR2(20),
    "GRANTED" NUMBER(1) NOT NULL,
    "ISSUED_DATE" TIMESTAMP(7) NOT NULL,
    CONSTRAINT "PK_ACCESS_LOG" PRIMARY KEY ("ID")
)';
END;
/

BEGIN 
EXECUTE IMMEDIATE 'CREATE TABLE 
"APPL_USER" (
    "USERNAME" NVARCHAR2(20) NOT NULL,
    "DOMAIN" NVARCHAR2(20),
    "FULLNAME" NVARCHAR2(80),
    "ACCESS_TYPE" NUMBER(10) NOT NULL,
    CONSTRAINT "PK_APPL_USER" PRIMARY KEY ("USERNAME")
)';
END;
/

BEGIN 
EXECUTE IMMEDIATE 'CREATE TABLE 
"AWARD_CHANNEL" (
    "ID" NUMBER(19) NOT NULL,
    "NAME" NVARCHAR2(20),
    CONSTRAINT "PK_AWARD_CHANNEL" PRIMARY KEY ("ID")
)';
END;
/

BEGIN 
EXECUTE IMMEDIATE 'CREATE TABLE 
"ISSUER_CHANNEL" (
    "ID" NUMBER(19) NOT NULL,
    "NAME" NVARCHAR2(20),
    CONSTRAINT "PK_ISSUER_CHANNEL" PRIMARY KEY ("ID")
)';
END;
/

BEGIN 
EXECUTE IMMEDIATE 'CREATE TABLE 
"PROMOTION" (
    "ID" NUMBER(19) NOT NULL,
    "CODE" NVARCHAR2(40) NOT NULL,
    "ENABLED" NUMBER(1) NOT NULL,
    "VALID_FROM" TIMESTAMP(7),
    "VALID_TO" TIMESTAMP(7),
    "COUPON_SERIES" NUMBER(10) NOT NULL,
    CONSTRAINT "PK_PROMOTION" PRIMARY KEY ("ID")
)';
END;
/

BEGIN 
EXECUTE IMMEDIATE 'CREATE TABLE 
"PROPERTY" (
    "ID" NUMBER(19) NOT NULL,
    "NAME" NVARCHAR2(20),
    CONSTRAINT "PK_PROPERTY" PRIMARY KEY ("ID")
)';
END;
/

BEGIN 
EXECUTE IMMEDIATE 'CREATE TABLE 
"SYSTEM" (
    "ID" NUMBER(19) NOT NULL,
    "NAME" NVARCHAR2(20),
    "USERNAME" NVARCHAR2(20),
    "PASSWORD" NVARCHAR2(20),
    CONSTRAINT "PK_SYSTEM" PRIMARY KEY ("ID")
)';
END;
/

BEGIN 
EXECUTE IMMEDIATE 'CREATE TABLE 
"COUPON" (
    "ID" NUMBER(19) NOT NULL,
    "CODE" NVARCHAR2(40),
    "HOLDER" NVARCHAR2(20),
    "USER" NVARCHAR2(20),
    "STATUS" NUMBER(10) NOT NULL,
    "AQUIRE_FROM" TIMESTAMP(7),
    "AQUIRE_TO" TIMESTAMP(7),
    "AWARD_FROM" TIMESTAMP(7),
    "AWARD_TO" TIMESTAMP(7),
    "PROMOTION_ID" NUMBER(19) NOT NULL,
    "COUPON_SERIES" NUMBER(10) NOT NULL,
    "MAX_REDEEM_NO" NUMBER(10) NOT NULL,
    "ENABLED" NUMBER(1) NOT NULL,
    CONSTRAINT "PK_COUPON" PRIMARY KEY ("ID"),
    CONSTRAINT "FK_COUPON_PROMOTION_PROMOTION_ID" FOREIGN KEY ("PROMOTION_ID") REFERENCES "PROMOTION" ("ID") ON DELETE CASCADE
)';
END;
/

BEGIN 
EXECUTE IMMEDIATE 'CREATE TABLE 
"PROMOTION_AWARD_CHANNEL" (
    "PROMOTION_ID" NUMBER(19) NOT NULL,
    "AWARD_CHANNEL_ID" NUMBER(19) NOT NULL,
    CONSTRAINT "PK_PROMOTION_AWARD_CHANNEL" PRIMARY KEY ("PROMOTION_ID", "AWARD_CHANNEL_ID"),
    CONSTRAINT "FK_PROMOTION_AWARD_CHANNEL_AWARD_CHANNEL_AWARD_CHANNEL_ID" FOREIGN KEY ("AWARD_CHANNEL_ID") REFERENCES "AWARD_CHANNEL" ("ID") ON DELETE CASCADE,
    CONSTRAINT "FK_PROMOTION_AWARD_CHANNEL_PROMOTION_PROMOTION_ID" FOREIGN KEY ("PROMOTION_ID") REFERENCES "PROMOTION" ("ID") ON DELETE CASCADE
)';
END;
/

BEGIN 
EXECUTE IMMEDIATE 'CREATE TABLE 
"PROMOTION_ISSUER_CHANNEL" (
    "PROMOTION_ID" NUMBER(19) NOT NULL,
    "ISSUER_CHANNEL_ID" NUMBER(19) NOT NULL,
    CONSTRAINT "PK_PROMOTION_ISSUER_CHANNEL" PRIMARY KEY ("PROMOTION_ID", "ISSUER_CHANNEL_ID"),
    CONSTRAINT "FK_PROMOTION_ISSUER_CHANNEL_ISSUER_CHANNEL_ISSUER_CHANNEL_ID" FOREIGN KEY ("ISSUER_CHANNEL_ID") REFERENCES "ISSUER_CHANNEL" ("ID") ON DELETE CASCADE,
    CONSTRAINT "FK_PROMOTION_ISSUER_CHANNEL_PROMOTION_PROMOTION_ID" FOREIGN KEY ("PROMOTION_ID") REFERENCES "PROMOTION" ("ID") ON DELETE CASCADE
)';
END;
/

BEGIN 
EXECUTE IMMEDIATE 'CREATE TABLE 
"PROMOTION_PROPERTY" (
    "PROMOTION_ID" NUMBER(19) NOT NULL,
    "PROPERTY_ID" NUMBER(19) NOT NULL,
    CONSTRAINT "PK_PROMOTION_PROPERTY" PRIMARY KEY ("PROMOTION_ID", "PROPERTY_ID"),
    CONSTRAINT "FK_PROMOTION_PROPERTY_PROMOTION_PROMOTION_ID" FOREIGN KEY ("PROMOTION_ID") REFERENCES "PROMOTION" ("ID") ON DELETE CASCADE,
    CONSTRAINT "FK_PROMOTION_PROPERTY_PROPERTY_PROPERTY_ID" FOREIGN KEY ("PROPERTY_ID") REFERENCES "PROPERTY" ("ID") ON DELETE CASCADE
)';
END;
/

BEGIN 
EXECUTE IMMEDIATE 'CREATE TABLE 
"NOTIFY_LIST" (
    "CHANNEL_ID" NUMBER(19) NOT NULL,
    "SYSTEM_ID" NUMBER(19) NOT NULL,
    "URL" NVARCHAR2(2000),
    CONSTRAINT "PK_NOTIFY_LIST" PRIMARY KEY ("SYSTEM_ID", "CHANNEL_ID"),
    CONSTRAINT "FK_NOTIFY_LIST_ISSUER_CHANNEL_CHANNEL_ID" FOREIGN KEY ("CHANNEL_ID") REFERENCES "ISSUER_CHANNEL" ("ID") ON DELETE CASCADE,
    CONSTRAINT "FK_NOTIFY_LIST_SYSTEM_SYSTEM_ID" FOREIGN KEY ("SYSTEM_ID") REFERENCES "SYSTEM" ("ID") ON DELETE CASCADE
)';
END;
/

BEGIN 
EXECUTE IMMEDIATE 'CREATE TABLE 
"COUPON_AWARD_CHANNEL" (
    "COUPON_ID" NUMBER(19) NOT NULL,
    "AWARD_CHANNEL_ID" NUMBER(19) NOT NULL,
    CONSTRAINT "PK_COUPON_AWARD_CHANNEL" PRIMARY KEY ("COUPON_ID", "AWARD_CHANNEL_ID"),
    CONSTRAINT "FK_COUPON_AWARD_CHANNEL_AWARD_CHANNEL_AWARD_CHANNEL_ID" FOREIGN KEY ("AWARD_CHANNEL_ID") REFERENCES "AWARD_CHANNEL" ("ID") ON DELETE CASCADE,
    CONSTRAINT "FK_COUPON_AWARD_CHANNEL_COUPON_COUPON_ID" FOREIGN KEY ("COUPON_ID") REFERENCES "COUPON" ("ID") ON DELETE CASCADE
)';
END;
/

BEGIN 
EXECUTE IMMEDIATE 'CREATE TABLE 
"COUPON_HISTORY" (
    "ID" NUMBER(19) NOT NULL,
    "DATE" TIMESTAMP(7) NOT NULL,
    "ACTION" NVARCHAR2(2000),
    "STATUS" NUMBER(10) NOT NULL,
    "COUPON_ID" NUMBER(19) NOT NULL,
    "USER" NVARCHAR2(2000),
    CONSTRAINT "PK_COUPON_HISTORY" PRIMARY KEY ("ID"),
    CONSTRAINT "FK_COUPON_HISTORY_COUPON_COUPON_ID" FOREIGN KEY ("COUPON_ID") REFERENCES "COUPON" ("ID") ON DELETE CASCADE
)';
END;
/

BEGIN 
EXECUTE IMMEDIATE 'CREATE TABLE 
"COUPON_ISSUER_CHANNEL" (
    "COUPON_ID" NUMBER(19) NOT NULL,
    "ISSUER_CHANNEL_ID" NUMBER(19) NOT NULL,
    CONSTRAINT "PK_COUPON_ISSUER_CHANNEL" PRIMARY KEY ("COUPON_ID", "ISSUER_CHANNEL_ID"),
    CONSTRAINT "FK_COUPON_ISSUER_CHANNEL_COUPON_COUPON_ID" FOREIGN KEY ("COUPON_ID") REFERENCES "COUPON" ("ID") ON DELETE CASCADE,
    CONSTRAINT "FK_COUPON_ISSUER_CHANNEL_ISSUER_CHANNEL_ISSUER_CHANNEL_ID" FOREIGN KEY ("ISSUER_CHANNEL_ID") REFERENCES "ISSUER_CHANNEL" ("ID") ON DELETE CASCADE
)';
END;
/

BEGIN
INSERT INTO "ACCESS_LOG" ("ID", "ACTION", "APPLICATION_TYPE", "CHANNEL", "GRANTED", "ISSUED_DATE", "USERNAME")
VALUES (1, N'Create Promotion', 0, N'POS', 0, TO_DATE('2020-06-12 22:20:48', 'YYYY-MM-DD HH24:MI:SS'), NULL);
INSERT INTO "ACCESS_LOG" ("ID", "ACTION", "APPLICATION_TYPE", "CHANNEL", "GRANTED", "ISSUED_DATE", "USERNAME")
VALUES (2, N'Update Coupon', 1, NULL, 0, TO_DATE('2020-06-12 22:20:48', 'YYYY-MM-DD HH24:MI:SS'), N'korisnik');
END;
/

BEGIN
INSERT INTO "APPL_USER" ("USERNAME", "ACCESS_TYPE", "DOMAIN", "FULLNAME")
VALUES (N'ljubo', 1, N'LJUBO-PC', N'Ljubomir Kraljevic');
INSERT INTO "APPL_USER" ("USERNAME", "ACCESS_TYPE", "DOMAIN", "FULLNAME")
VALUES (N'traktor', 1, N'LJUBO-PC', N'DJ Fresh Prince');
END;
/

BEGIN
INSERT INTO "AWARD_CHANNEL" ("ID", "NAME")
VALUES (4, N'Telesales');
INSERT INTO "AWARD_CHANNEL" ("ID", "NAME")
VALUES (3, N'SelfCare');
INSERT INTO "AWARD_CHANNEL" ("ID", "NAME")
VALUES (1, N'POS');
INSERT INTO "AWARD_CHANNEL" ("ID", "NAME")
VALUES (5, N'Webshop');
END;
/

BEGIN
INSERT INTO "ISSUER_CHANNEL" ("ID", "NAME")
VALUES (2, N'Salesforce');
INSERT INTO "ISSUER_CHANNEL" ("ID", "NAME")
VALUES (3, N'SelfCare');
INSERT INTO "ISSUER_CHANNEL" ("ID", "NAME")
VALUES (4, N'Telesales');
INSERT INTO "ISSUER_CHANNEL" ("ID", "NAME")
VALUES (5, N'Webshop');
INSERT INTO "ISSUER_CHANNEL" ("ID", "NAME")
VALUES (1, N'POS');
END;
/

BEGIN
INSERT INTO "PROMOTION" ("ID", "CODE", "COUPON_SERIES", "ENABLED", "VALID_FROM", "VALID_TO")
VALUES (16, N'Spring6', 0, 1, TO_DATE('2020-03-01 00:00:00', 'YYYY-MM-DD HH24:MI:SS'), TO_DATE('2020-05-01 00:00:00', 'YYYY-MM-DD HH24:MI:SS'));
INSERT INTO "PROMOTION" ("ID", "CODE", "COUPON_SERIES", "ENABLED", "VALID_FROM", "VALID_TO")
VALUES (17, N'Easter6', 0, 0, TO_DATE('2020-04-01 00:00:00', 'YYYY-MM-DD HH24:MI:SS'), TO_DATE('2020-05-01 00:00:00', 'YYYY-MM-DD HH24:MI:SS'));
INSERT INTO "PROMOTION" ("ID", "CODE", "COUPON_SERIES", "ENABLED", "VALID_FROM", "VALID_TO")
VALUES (18, N'Summer6', 0, 1, TO_DATE('2020-06-01 00:00:00', 'YYYY-MM-DD HH24:MI:SS'), TO_DATE('2020-09-01 00:00:00', 'YYYY-MM-DD HH24:MI:SS'));
INSERT INTO "PROMOTION" ("ID", "CODE", "COUPON_SERIES", "ENABLED", "VALID_FROM", "VALID_TO")
VALUES (19, N'Spring7', 0, 1, TO_DATE('2020-03-01 00:00:00', 'YYYY-MM-DD HH24:MI:SS'), TO_DATE('2020-05-01 00:00:00', 'YYYY-MM-DD HH24:MI:SS'));
INSERT INTO "PROMOTION" ("ID", "CODE", "COUPON_SERIES", "ENABLED", "VALID_FROM", "VALID_TO")
VALUES (22, N'Spring8', 0, 1, TO_DATE('2020-03-01 00:00:00', 'YYYY-MM-DD HH24:MI:SS'), TO_DATE('2020-05-01 00:00:00', 'YYYY-MM-DD HH24:MI:SS'));
INSERT INTO "PROMOTION" ("ID", "CODE", "COUPON_SERIES", "ENABLED", "VALID_FROM", "VALID_TO")
VALUES (21, N'Summer7', 0, 1, TO_DATE('2020-06-01 00:00:00', 'YYYY-MM-DD HH24:MI:SS'), TO_DATE('2020-09-01 00:00:00', 'YYYY-MM-DD HH24:MI:SS'));
INSERT INTO "PROMOTION" ("ID", "CODE", "COUPON_SERIES", "ENABLED", "VALID_FROM", "VALID_TO")
VALUES (23, N'Easter8', 0, 0, TO_DATE('2020-04-01 00:00:00', 'YYYY-MM-DD HH24:MI:SS'), TO_DATE('2020-05-01 00:00:00', 'YYYY-MM-DD HH24:MI:SS'));
INSERT INTO "PROMOTION" ("ID", "CODE", "COUPON_SERIES", "ENABLED", "VALID_FROM", "VALID_TO")
VALUES (25, N'Bloom', 0, 1, TO_DATE('2020-02-14 00:00:00', 'YYYY-MM-DD HH24:MI:SS'), TO_DATE('2020-03-14 00:00:00', 'YYYY-MM-DD HH24:MI:SS'));
INSERT INTO "PROMOTION" ("ID", "CODE", "COUPON_SERIES", "ENABLED", "VALID_FROM", "VALID_TO")
VALUES (26, N'AllYear', 0, 1, TO_DATE('2020-02-01 00:00:00', 'YYYY-MM-DD HH24:MI:SS'), TO_DATE('2020-08-01 00:00:00', 'YYYY-MM-DD HH24:MI:SS'));
INSERT INTO "PROMOTION" ("ID", "CODE", "COUPON_SERIES", "ENABLED", "VALID_FROM", "VALID_TO")
VALUES (20, N'Easter7', 0, 0, TO_DATE('2020-04-01 00:00:00', 'YYYY-MM-DD HH24:MI:SS'), TO_DATE('2020-05-01 00:00:00', 'YYYY-MM-DD HH24:MI:SS'));
INSERT INTO "PROMOTION" ("ID", "CODE", "COUPON_SERIES", "ENABLED", "VALID_FROM", "VALID_TO")
VALUES (24, N'Summer8', 0, 1, TO_DATE('2020-06-01 00:00:00', 'YYYY-MM-DD HH24:MI:SS'), TO_DATE('2020-09-01 00:00:00', 'YYYY-MM-DD HH24:MI:SS'));
INSERT INTO "PROMOTION" ("ID", "CODE", "COUPON_SERIES", "ENABLED", "VALID_FROM", "VALID_TO")
VALUES (15, N'Summer5', 0, 1, TO_DATE('2020-06-01 00:00:00', 'YYYY-MM-DD HH24:MI:SS'), TO_DATE('2020-09-01 00:00:00', 'YYYY-MM-DD HH24:MI:SS'));
INSERT INTO "PROMOTION" ("ID", "CODE", "COUPON_SERIES", "ENABLED", "VALID_FROM", "VALID_TO")
VALUES (12, N'Summer4', 0, 1, TO_DATE('2020-06-01 00:00:00', 'YYYY-MM-DD HH24:MI:SS'), TO_DATE('2020-09-01 00:00:00', 'YYYY-MM-DD HH24:MI:SS'));
INSERT INTO "PROMOTION" ("ID", "CODE", "COUPON_SERIES", "ENABLED", "VALID_FROM", "VALID_TO")
VALUES (1, N'Spring', 0, 1, TO_DATE('2020-03-20 00:00:00', 'YYYY-MM-DD HH24:MI:SS'), TO_DATE('2020-05-20 00:00:00', 'YYYY-MM-DD HH24:MI:SS'));
INSERT INTO "PROMOTION" ("ID", "CODE", "COUPON_SERIES", "ENABLED", "VALID_FROM", "VALID_TO")
VALUES (14, N'Easter5', 0, 0, TO_DATE('2020-04-01 00:00:00', 'YYYY-MM-DD HH24:MI:SS'), TO_DATE('2020-05-01 00:00:00', 'YYYY-MM-DD HH24:MI:SS'));
INSERT INTO "PROMOTION" ("ID", "CODE", "COUPON_SERIES", "ENABLED", "VALID_FROM", "VALID_TO")
VALUES (3, N'Summer', 0, 1, TO_DATE('2020-05-01 00:00:00', 'YYYY-MM-DD HH24:MI:SS'), TO_DATE('2020-09-01 00:00:00', 'YYYY-MM-DD HH24:MI:SS'));
INSERT INTO "PROMOTION" ("ID", "CODE", "COUPON_SERIES", "ENABLED", "VALID_FROM", "VALID_TO")
VALUES (4, N'SpringDown', 0, 0, TO_DATE('2020-03-01 00:00:00', 'YYYY-MM-DD HH24:MI:SS'), TO_DATE('2020-05-01 00:00:00', 'YYYY-MM-DD HH24:MI:SS'));
INSERT INTO "PROMOTION" ("ID", "CODE", "COUPON_SERIES", "ENABLED", "VALID_FROM", "VALID_TO")
VALUES (5, N'EasterDown', 0, 1, TO_DATE('2020-04-01 00:00:00', 'YYYY-MM-DD HH24:MI:SS'), TO_DATE('2020-04-12 00:00:00', 'YYYY-MM-DD HH24:MI:SS'));
INSERT INTO "PROMOTION" ("ID", "CODE", "COUPON_SERIES", "ENABLED", "VALID_FROM", "VALID_TO")
VALUES (2, N'Easter', 0, 1, TO_DATE('2020-04-01 00:00:00', 'YYYY-MM-DD HH24:MI:SS'), TO_DATE('2020-06-01 00:00:00', 'YYYY-MM-DD HH24:MI:SS'));
INSERT INTO "PROMOTION" ("ID", "CODE", "COUPON_SERIES", "ENABLED", "VALID_FROM", "VALID_TO")
VALUES (7, N'FUNZIES!', 0, 1, TO_DATE('2020-04-01 00:00:00', 'YYYY-MM-DD HH24:MI:SS'), TO_DATE('2020-06-01 00:00:00', 'YYYY-MM-DD HH24:MI:SS'));
INSERT INTO "PROMOTION" ("ID", "CODE", "COUPON_SERIES", "ENABLED", "VALID_FROM", "VALID_TO")
VALUES (8, N'NOTfunzies', 0, 0, TO_DATE('2020-04-01 00:00:00', 'YYYY-MM-DD HH24:MI:SS'), TO_DATE('2020-06-01 00:00:00', 'YYYY-MM-DD HH24:MI:SS'));
INSERT INTO "PROMOTION" ("ID", "CODE", "COUPON_SERIES", "ENABLED", "VALID_FROM", "VALID_TO")
VALUES (9, N'Summer3', 0, 1, TO_DATE('2020-06-01 00:00:00', 'YYYY-MM-DD HH24:MI:SS'), TO_DATE('2020-09-01 00:00:00', 'YYYY-MM-DD HH24:MI:SS'));
INSERT INTO "PROMOTION" ("ID", "CODE", "COUPON_SERIES", "ENABLED", "VALID_FROM", "VALID_TO")
VALUES (10, N'Spring4', 0, 1, TO_DATE('2020-03-01 00:00:00', 'YYYY-MM-DD HH24:MI:SS'), TO_DATE('2020-05-01 00:00:00', 'YYYY-MM-DD HH24:MI:SS'));
INSERT INTO "PROMOTION" ("ID", "CODE", "COUPON_SERIES", "ENABLED", "VALID_FROM", "VALID_TO")
VALUES (11, N'Easter4', 0, 0, TO_DATE('2020-04-01 00:00:00', 'YYYY-MM-DD HH24:MI:SS'), TO_DATE('2020-05-01 00:00:00', 'YYYY-MM-DD HH24:MI:SS'));
INSERT INTO "PROMOTION" ("ID", "CODE", "COUPON_SERIES", "ENABLED", "VALID_FROM", "VALID_TO")
VALUES (6, N'SummerDown', 0, 0, TO_DATE('2020-06-01 00:00:00', 'YYYY-MM-DD HH24:MI:SS'), TO_DATE('2020-09-01 00:00:00', 'YYYY-MM-DD HH24:MI:SS'));
INSERT INTO "PROMOTION" ("ID", "CODE", "COUPON_SERIES", "ENABLED", "VALID_FROM", "VALID_TO")
VALUES (13, N'Spring5', 0, 1, TO_DATE('2020-03-01 00:00:00', 'YYYY-MM-DD HH24:MI:SS'), TO_DATE('2020-05-01 00:00:00', 'YYYY-MM-DD HH24:MI:SS'));
END;
/

BEGIN
INSERT INTO "PROPERTY" ("ID", "NAME")
VALUES (1, N'UniqueCoupons');
INSERT INTO "PROPERTY" ("ID", "NAME")
VALUES (2, N'NamedHolders');
INSERT INTO "PROPERTY" ("ID", "NAME")
VALUES (3, N'NamedConsumers');
INSERT INTO "PROPERTY" ("ID", "NAME")
VALUES (4, N'HolderIsOnlyConsumer');
INSERT INTO "PROPERTY" ("ID", "NAME")
VALUES (5, N'AllowMultipleRedeems');
INSERT INTO "PROPERTY" ("ID", "NAME")
VALUES (6, N'AllowCouponSeries');
END;
/

BEGIN
INSERT INTO "SYSTEM" ("ID", "NAME", "PASSWORD", "USERNAME")
VALUES (1, N'CRM', N'test', N'max');
INSERT INTO "SYSTEM" ("ID", "NAME", "PASSWORD", "USERNAME")
VALUES (2, N'SalesForce', N'test', N'sf');
END;
/

BEGIN
INSERT INTO "COUPON" ("ID", "AQUIRE_FROM", "AQUIRE_TO", "AWARD_FROM", "AWARD_TO", "CODE", "COUPON_SERIES", "ENABLED", "HOLDER", "MAX_REDEEM_NO", "PROMOTION_ID", "STATUS", "USER")
VALUES (14, TO_DATE('2020-03-20 00:00:00', 'YYYY-MM-DD HH24:MI:SS'), TO_DATE('2020-05-20 00:00:00', 'YYYY-MM-DD HH24:MI:SS'), TO_DATE('2020-03-20 00:00:00', 'YYYY-MM-DD HH24:MI:SS'), TO_DATE('2020-05-20 00:00:00', 'YYYY-MM-DD HH24:MI:SS'), N'SPRING1234567289', 2, 1, N'38640440481', 1, 1, 2, N'38640440481');
INSERT INTO "COUPON" ("ID", "AQUIRE_FROM", "AQUIRE_TO", "AWARD_FROM", "AWARD_TO", "CODE", "COUPON_SERIES", "ENABLED", "HOLDER", "MAX_REDEEM_NO", "PROMOTION_ID", "STATUS", "USER")
VALUES (26, TO_DATE('2020-05-01 00:00:00', 'YYYY-MM-DD HH24:MI:SS'), TO_DATE('2020-09-01 00:00:00', 'YYYY-MM-DD HH24:MI:SS'), TO_DATE('2020-05-01 00:00:00', 'YYYY-MM-DD HH24:MI:SS'), TO_DATE('2020-09-01 00:00:00', 'YYYY-MM-DD HH24:MI:SS'), N'SUMMER1234657292', 2, 1, N'38640440482', 1, 3, 1, N'38640440482');
INSERT INTO "COUPON" ("ID", "AQUIRE_FROM", "AQUIRE_TO", "AWARD_FROM", "AWARD_TO", "CODE", "COUPON_SERIES", "ENABLED", "HOLDER", "MAX_REDEEM_NO", "PROMOTION_ID", "STATUS", "USER")
VALUES (27, TO_DATE('2020-05-01 00:00:00', 'YYYY-MM-DD HH24:MI:SS'), TO_DATE('2020-09-01 00:00:00', 'YYYY-MM-DD HH24:MI:SS'), TO_DATE('2020-05-01 00:00:00', 'YYYY-MM-DD HH24:MI:SS'), TO_DATE('2020-09-01 00:00:00', 'YYYY-MM-DD HH24:MI:SS'), N'SUMMER1234657293', 2, 1, N'38640440482', 1, 3, 2, N'38640440482');
INSERT INTO "COUPON" ("ID", "AQUIRE_FROM", "AQUIRE_TO", "AWARD_FROM", "AWARD_TO", "CODE", "COUPON_SERIES", "ENABLED", "HOLDER", "MAX_REDEEM_NO", "PROMOTION_ID", "STATUS", "USER")
VALUES (28, TO_DATE('2020-05-01 00:00:00', 'YYYY-MM-DD HH24:MI:SS'), TO_DATE('2020-09-01 00:00:00', 'YYYY-MM-DD HH24:MI:SS'), TO_DATE('2020-05-01 00:00:00', 'YYYY-MM-DD HH24:MI:SS'), TO_DATE('2020-09-01 00:00:00', 'YYYY-MM-DD HH24:MI:SS'), N'SUMMER1234657294', 2, 1, N'38640440481', 1, 3, 4, N'38640440481');
INSERT INTO "COUPON" ("ID", "AQUIRE_FROM", "AQUIRE_TO", "AWARD_FROM", "AWARD_TO", "CODE", "COUPON_SERIES", "ENABLED", "HOLDER", "MAX_REDEEM_NO", "PROMOTION_ID", "STATUS", "USER")
VALUES (51, TO_DATE('2020-05-01 00:00:00', 'YYYY-MM-DD HH24:MI:SS'), TO_DATE('2020-09-01 00:00:00', 'YYYY-MM-DD HH24:MI:SS'), TO_DATE('2020-05-01 00:00:00', 'YYYY-MM-DD HH24:MI:SS'), TO_DATE('2020-09-01 00:00:00', 'YYYY-MM-DD HH24:MI:SS'), N'SUMMER1234657492', 2, 1, N'38640440484', 1, 3, 3, N'38640440484');
INSERT INTO "COUPON" ("ID", "AQUIRE_FROM", "AQUIRE_TO", "AWARD_FROM", "AWARD_TO", "CODE", "COUPON_SERIES", "ENABLED", "HOLDER", "MAX_REDEEM_NO", "PROMOTION_ID", "STATUS", "USER")
VALUES (8, TO_DATE('2020-04-01 00:00:00', 'YYYY-MM-DD HH24:MI:SS'), TO_DATE('2020-06-01 00:00:00', 'YYYY-MM-DD HH24:MI:SS'), TO_DATE('2020-04-01 00:00:00', 'YYYY-MM-DD HH24:MI:SS'), TO_DATE('2020-06-01 00:00:00', 'YYYY-MM-DD HH24:MI:SS'), N'EDOWN1234567892', 1, 0, N'38640440481', 1, 5, 2, N'38640440481');
INSERT INTO "COUPON" ("ID", "AQUIRE_FROM", "AQUIRE_TO", "AWARD_FROM", "AWARD_TO", "CODE", "COUPON_SERIES", "ENABLED", "HOLDER", "MAX_REDEEM_NO", "PROMOTION_ID", "STATUS", "USER")
VALUES (9, TO_DATE('2020-04-01 00:00:00', 'YYYY-MM-DD HH24:MI:SS'), TO_DATE('2020-06-01 00:00:00', 'YYYY-MM-DD HH24:MI:SS'), TO_DATE('2020-04-01 00:00:00', 'YYYY-MM-DD HH24:MI:SS'), TO_DATE('2020-06-01 00:00:00', 'YYYY-MM-DD HH24:MI:SS'), N'EDOWN1234567893', 1, 0, N'38640440482', 1, 5, 2, N'38640440482');
INSERT INTO "COUPON" ("ID", "AQUIRE_FROM", "AQUIRE_TO", "AWARD_FROM", "AWARD_TO", "CODE", "COUPON_SERIES", "ENABLED", "HOLDER", "MAX_REDEEM_NO", "PROMOTION_ID", "STATUS", "USER")
VALUES (10, TO_DATE('2020-04-01 00:00:00', 'YYYY-MM-DD HH24:MI:SS'), TO_DATE('2020-06-01 00:00:00', 'YYYY-MM-DD HH24:MI:SS'), TO_DATE('2020-04-01 00:00:00', 'YYYY-MM-DD HH24:MI:SS'), TO_DATE('2020-06-01 00:00:00', 'YYYY-MM-DD HH24:MI:SS'), N'EDOWN1234567894', 2, 1, N'38640440483', 1, 5, 2, N'38640440483');
INSERT INTO "COUPON" ("ID", "AQUIRE_FROM", "AQUIRE_TO", "AWARD_FROM", "AWARD_TO", "CODE", "COUPON_SERIES", "ENABLED", "HOLDER", "MAX_REDEEM_NO", "PROMOTION_ID", "STATUS", "USER")
VALUES (11, TO_DATE('2020-04-01 00:00:00', 'YYYY-MM-DD HH24:MI:SS'), TO_DATE('2020-06-01 00:00:00', 'YYYY-MM-DD HH24:MI:SS'), TO_DATE('2020-04-01 00:00:00', 'YYYY-MM-DD HH24:MI:SS'), TO_DATE('2020-06-01 00:00:00', 'YYYY-MM-DD HH24:MI:SS'), N'EDOWN1234567891', 1, 1, NULL, 1, 5, 1, NULL);
INSERT INTO "COUPON" ("ID", "AQUIRE_FROM", "AQUIRE_TO", "AWARD_FROM", "AWARD_TO", "CODE", "COUPON_SERIES", "ENABLED", "HOLDER", "MAX_REDEEM_NO", "PROMOTION_ID", "STATUS", "USER")
VALUES (12, TO_DATE('2020-04-01 00:00:00', 'YYYY-MM-DD HH24:MI:SS'), TO_DATE('2020-06-01 00:00:00', 'YYYY-MM-DD HH24:MI:SS'), TO_DATE('2020-04-01 00:00:00', 'YYYY-MM-DD HH24:MI:SS'), TO_DATE('2020-06-01 00:00:00', 'YYYY-MM-DD HH24:MI:SS'), N'EDOWN1234567911', 1, 0, NULL, 1, 5, 1, NULL);
INSERT INTO "COUPON" ("ID", "AQUIRE_FROM", "AQUIRE_TO", "AWARD_FROM", "AWARD_TO", "CODE", "COUPON_SERIES", "ENABLED", "HOLDER", "MAX_REDEEM_NO", "PROMOTION_ID", "STATUS", "USER")
VALUES (13, TO_DATE('2020-04-01 00:00:00', 'YYYY-MM-DD HH24:MI:SS'), TO_DATE('2020-06-01 00:00:00', 'YYYY-MM-DD HH24:MI:SS'), TO_DATE('2020-04-01 00:00:00', 'YYYY-MM-DD HH24:MI:SS'), TO_DATE('2020-06-01 00:00:00', 'YYYY-MM-DD HH24:MI:SS'), N'EDOWN1234567912', 2, 1, NULL, 1, 5, 3, NULL);
INSERT INTO "COUPON" ("ID", "AQUIRE_FROM", "AQUIRE_TO", "AWARD_FROM", "AWARD_TO", "CODE", "COUPON_SERIES", "ENABLED", "HOLDER", "MAX_REDEEM_NO", "PROMOTION_ID", "STATUS", "USER")
VALUES (17, TO_DATE('2020-02-14 00:00:00', 'YYYY-MM-DD HH24:MI:SS'), TO_DATE('2020-03-14 00:00:00', 'YYYY-MM-DD HH24:MI:SS'), TO_DATE('2020-02-14 00:00:00', 'YYYY-MM-DD HH24:MI:SS'), TO_DATE('2020-03-14 00:00:00', 'YYYY-MM-DD HH24:MI:SS'), N'BLOOM1234567092', 1, 1, N'38640440481', 1, 25, 1, N'38640440481');
INSERT INTO "COUPON" ("ID", "AQUIRE_FROM", "AQUIRE_TO", "AWARD_FROM", "AWARD_TO", "CODE", "COUPON_SERIES", "ENABLED", "HOLDER", "MAX_REDEEM_NO", "PROMOTION_ID", "STATUS", "USER")
VALUES (18, TO_DATE('2020-02-14 00:00:00', 'YYYY-MM-DD HH24:MI:SS'), TO_DATE('2020-03-14 00:00:00', 'YYYY-MM-DD HH24:MI:SS'), TO_DATE('2020-02-14 00:00:00', 'YYYY-MM-DD HH24:MI:SS'), TO_DATE('2020-03-14 00:00:00', 'YYYY-MM-DD HH24:MI:SS'), N'BLOOM1234567291', 1, 1, N'38640440481', 1, 25, 2, N'38640440481');
INSERT INTO "COUPON" ("ID", "AQUIRE_FROM", "AQUIRE_TO", "AWARD_FROM", "AWARD_TO", "CODE", "COUPON_SERIES", "ENABLED", "HOLDER", "MAX_REDEEM_NO", "PROMOTION_ID", "STATUS", "USER")
VALUES (19, TO_DATE('2020-02-14 00:00:00', 'YYYY-MM-DD HH24:MI:SS'), TO_DATE('2020-03-14 00:00:00', 'YYYY-MM-DD HH24:MI:SS'), TO_DATE('2020-02-14 00:00:00', 'YYYY-MM-DD HH24:MI:SS'), TO_DATE('2020-03-14 00:00:00', 'YYYY-MM-DD HH24:MI:SS'), N'BLOOM1234567292', 1, 1, N'38640440481', 1, 25, 1, N'38640440481');
INSERT INTO "COUPON" ("ID", "AQUIRE_FROM", "AQUIRE_TO", "AWARD_FROM", "AWARD_TO", "CODE", "COUPON_SERIES", "ENABLED", "HOLDER", "MAX_REDEEM_NO", "PROMOTION_ID", "STATUS", "USER")
VALUES (20, TO_DATE('2020-02-14 00:00:00', 'YYYY-MM-DD HH24:MI:SS'), TO_DATE('2020-03-14 00:00:00', 'YYYY-MM-DD HH24:MI:SS'), TO_DATE('2020-02-14 00:00:00', 'YYYY-MM-DD HH24:MI:SS'), TO_DATE('2020-03-14 00:00:00', 'YYYY-MM-DD HH24:MI:SS'), N'BLOOM1234567293', 1, 1, N'38640440482', 1, 25, 3, N'38640440482');
INSERT INTO "COUPON" ("ID", "AQUIRE_FROM", "AQUIRE_TO", "AWARD_FROM", "AWARD_TO", "CODE", "COUPON_SERIES", "ENABLED", "HOLDER", "MAX_REDEEM_NO", "PROMOTION_ID", "STATUS", "USER")
VALUES (21, TO_DATE('2020-02-14 00:00:00', 'YYYY-MM-DD HH24:MI:SS'), TO_DATE('2020-03-14 00:00:00', 'YYYY-MM-DD HH24:MI:SS'), TO_DATE('2020-02-14 00:00:00', 'YYYY-MM-DD HH24:MI:SS'), TO_DATE('2020-03-14 00:00:00', 'YYYY-MM-DD HH24:MI:SS'), N'BLOOM1234567294', 1, 1, N'38640440482', 1, 25, 3, N'38640440482');
INSERT INTO "COUPON" ("ID", "AQUIRE_FROM", "AQUIRE_TO", "AWARD_FROM", "AWARD_TO", "CODE", "COUPON_SERIES", "ENABLED", "HOLDER", "MAX_REDEEM_NO", "PROMOTION_ID", "STATUS", "USER")
VALUES (49, TO_DATE('2020-02-14 00:00:00', 'YYYY-MM-DD HH24:MI:SS'), TO_DATE('2020-03-14 00:00:00', 'YYYY-MM-DD HH24:MI:SS'), TO_DATE('2020-02-14 00:00:00', 'YYYY-MM-DD HH24:MI:SS'), TO_DATE('2020-03-14 00:00:00', 'YYYY-MM-DD HH24:MI:SS'), N'BLOOM1234567295', 1, 1, N'38640440485', 1, 25, 3, N'38640440485');
INSERT INTO "COUPON" ("ID", "AQUIRE_FROM", "AQUIRE_TO", "AWARD_FROM", "AWARD_TO", "CODE", "COUPON_SERIES", "ENABLED", "HOLDER", "MAX_REDEEM_NO", "PROMOTION_ID", "STATUS", "USER")
VALUES (50, TO_DATE('2020-02-14 00:00:00', 'YYYY-MM-DD HH24:MI:SS'), TO_DATE('2020-03-14 00:00:00', 'YYYY-MM-DD HH24:MI:SS'), TO_DATE('2020-02-14 00:00:00', 'YYYY-MM-DD HH24:MI:SS'), TO_DATE('2020-03-14 00:00:00', 'YYYY-MM-DD HH24:MI:SS'), N'BLOOM1234567296', 1, 1, N'38640440486', 1, 25, 2, N'38640440486');
INSERT INTO "COUPON" ("ID", "AQUIRE_FROM", "AQUIRE_TO", "AWARD_FROM", "AWARD_TO", "CODE", "COUPON_SERIES", "ENABLED", "HOLDER", "MAX_REDEEM_NO", "PROMOTION_ID", "STATUS", "USER")
VALUES (31, TO_DATE('2020-02-01 00:00:00', 'YYYY-MM-DD HH24:MI:SS'), TO_DATE('2020-03-01 00:00:00', 'YYYY-MM-DD HH24:MI:SS'), TO_DATE('2020-02-01 00:00:00', 'YYYY-MM-DD HH24:MI:SS'), TO_DATE('2020-03-01 00:00:00', 'YYYY-MM-DD HH24:MI:SS'), N'YEAR12345990', 1, 1, N'38640440481', 1, 26, 1, N'38640440481');
INSERT INTO "COUPON" ("ID", "AQUIRE_FROM", "AQUIRE_TO", "AWARD_FROM", "AWARD_TO", "CODE", "COUPON_SERIES", "ENABLED", "HOLDER", "MAX_REDEEM_NO", "PROMOTION_ID", "STATUS", "USER")
VALUES (32, TO_DATE('2020-03-01 00:00:00', 'YYYY-MM-DD HH24:MI:SS'), TO_DATE('2020-04-01 00:00:00', 'YYYY-MM-DD HH24:MI:SS'), TO_DATE('2020-03-01 00:00:00', 'YYYY-MM-DD HH24:MI:SS'), TO_DATE('2020-04-01 00:00:00', 'YYYY-MM-DD HH24:MI:SS'), N'YEAR12345991', 1, 1, N'38640440481', 1, 26, 1, N'38640440481');
INSERT INTO "COUPON" ("ID", "AQUIRE_FROM", "AQUIRE_TO", "AWARD_FROM", "AWARD_TO", "CODE", "COUPON_SERIES", "ENABLED", "HOLDER", "MAX_REDEEM_NO", "PROMOTION_ID", "STATUS", "USER")
VALUES (33, TO_DATE('2020-04-01 00:00:00', 'YYYY-MM-DD HH24:MI:SS'), TO_DATE('2020-05-01 00:00:00', 'YYYY-MM-DD HH24:MI:SS'), TO_DATE('2020-04-01 00:00:00', 'YYYY-MM-DD HH24:MI:SS'), TO_DATE('2020-05-01 00:00:00', 'YYYY-MM-DD HH24:MI:SS'), N'YEAR12345992', 1, 1, N'38640440481', 1, 26, 1, N'38640440481');
INSERT INTO "COUPON" ("ID", "AQUIRE_FROM", "AQUIRE_TO", "AWARD_FROM", "AWARD_TO", "CODE", "COUPON_SERIES", "ENABLED", "HOLDER", "MAX_REDEEM_NO", "PROMOTION_ID", "STATUS", "USER")
VALUES (34, TO_DATE('2020-05-01 00:00:00', 'YYYY-MM-DD HH24:MI:SS'), TO_DATE('2020-06-01 00:00:00', 'YYYY-MM-DD HH24:MI:SS'), TO_DATE('2020-05-01 00:00:00', 'YYYY-MM-DD HH24:MI:SS'), TO_DATE('2020-06-01 00:00:00', 'YYYY-MM-DD HH24:MI:SS'), N'YEAR12345994', 1, 1, N'38640440481', 1, 26, 1, N'38640440481');
INSERT INTO "COUPON" ("ID", "AQUIRE_FROM", "AQUIRE_TO", "AWARD_FROM", "AWARD_TO", "CODE", "COUPON_SERIES", "ENABLED", "HOLDER", "MAX_REDEEM_NO", "PROMOTION_ID", "STATUS", "USER")
VALUES (35, TO_DATE('2020-04-01 00:00:00', 'YYYY-MM-DD HH24:MI:SS'), TO_DATE('2020-05-01 00:00:00', 'YYYY-MM-DD HH24:MI:SS'), TO_DATE('2020-04-01 00:00:00', 'YYYY-MM-DD HH24:MI:SS'), TO_DATE('2020-05-01 00:00:00', 'YYYY-MM-DD HH24:MI:SS'), N'YEAR12345092', 1, 1, N'38640440481', 1, 26, 1, N'38640440481');
INSERT INTO "COUPON" ("ID", "AQUIRE_FROM", "AQUIRE_TO", "AWARD_FROM", "AWARD_TO", "CODE", "COUPON_SERIES", "ENABLED", "HOLDER", "MAX_REDEEM_NO", "PROMOTION_ID", "STATUS", "USER")
VALUES (36, TO_DATE('2020-04-15 00:00:00', 'YYYY-MM-DD HH24:MI:SS'), TO_DATE('2020-05-15 00:00:00', 'YYYY-MM-DD HH24:MI:SS'), TO_DATE('2020-04-15 00:00:00', 'YYYY-MM-DD HH24:MI:SS'), TO_DATE('2020-05-15 00:00:00', 'YYYY-MM-DD HH24:MI:SS'), N'YEAR12345093', 2, 1, N'38640440481', 1, 26, 1, N'38640440481');
INSERT INTO "COUPON" ("ID", "AQUIRE_FROM", "AQUIRE_TO", "AWARD_FROM", "AWARD_TO", "CODE", "COUPON_SERIES", "ENABLED", "HOLDER", "MAX_REDEEM_NO", "PROMOTION_ID", "STATUS", "USER")
VALUES (37, TO_DATE('2020-04-08 00:00:00', 'YYYY-MM-DD HH24:MI:SS'), TO_DATE('2020-04-18 00:00:00', 'YYYY-MM-DD HH24:MI:SS'), TO_DATE('2020-04-08 00:00:00', 'YYYY-MM-DD HH24:MI:SS'), TO_DATE('2020-04-18 00:00:00', 'YYYY-MM-DD HH24:MI:SS'), N'YEAR12345094', 2, 1, N'38640440481', 1, 26, 1, N'38640440481');
INSERT INTO "COUPON" ("ID", "AQUIRE_FROM", "AQUIRE_TO", "AWARD_FROM", "AWARD_TO", "CODE", "COUPON_SERIES", "ENABLED", "HOLDER", "MAX_REDEEM_NO", "PROMOTION_ID", "STATUS", "USER")
VALUES (38, TO_DATE('2020-04-18 00:00:00', 'YYYY-MM-DD HH24:MI:SS'), TO_DATE('2020-05-04 00:00:00', 'YYYY-MM-DD HH24:MI:SS'), TO_DATE('2020-04-18 00:00:00', 'YYYY-MM-DD HH24:MI:SS'), TO_DATE('2020-05-04 00:00:00', 'YYYY-MM-DD HH24:MI:SS'), N'YEAR12345095', 2, 1, N'38640440482', 1, 26, 3, N'38640440482');
INSERT INTO "COUPON" ("ID", "AQUIRE_FROM", "AQUIRE_TO", "AWARD_FROM", "AWARD_TO", "CODE", "COUPON_SERIES", "ENABLED", "HOLDER", "MAX_REDEEM_NO", "PROMOTION_ID", "STATUS", "USER")
VALUES (47, TO_DATE('2020-04-08 00:00:00', 'YYYY-MM-DD HH24:MI:SS'), TO_DATE('2020-04-18 00:00:00', 'YYYY-MM-DD HH24:MI:SS'), TO_DATE('2020-04-08 00:00:00', 'YYYY-MM-DD HH24:MI:SS'), TO_DATE('2020-04-18 00:00:00', 'YYYY-MM-DD HH24:MI:SS'), N'YEAR12345096', 2, 1, N'38640440487', 1, 26, 3, N'38640440487');
INSERT INTO "COUPON" ("ID", "AQUIRE_FROM", "AQUIRE_TO", "AWARD_FROM", "AWARD_TO", "CODE", "COUPON_SERIES", "ENABLED", "HOLDER", "MAX_REDEEM_NO", "PROMOTION_ID", "STATUS", "USER")
VALUES (48, TO_DATE('2020-04-08 00:00:00', 'YYYY-MM-DD HH24:MI:SS'), TO_DATE('2020-04-18 00:00:00', 'YYYY-MM-DD HH24:MI:SS'), TO_DATE('2020-04-08 00:00:00', 'YYYY-MM-DD HH24:MI:SS'), TO_DATE('2020-04-18 00:00:00', 'YYYY-MM-DD HH24:MI:SS'), N'YEAR12345097', 2, 1, N'38640440487', 1, 26, 2, N'38640440487');
INSERT INTO "COUPON" ("ID", "AQUIRE_FROM", "AQUIRE_TO", "AWARD_FROM", "AWARD_TO", "CODE", "COUPON_SERIES", "ENABLED", "HOLDER", "MAX_REDEEM_NO", "PROMOTION_ID", "STATUS", "USER")
VALUES (25, TO_DATE('2020-05-01 00:00:00', 'YYYY-MM-DD HH24:MI:SS'), TO_DATE('2020-09-01 00:00:00', 'YYYY-MM-DD HH24:MI:SS'), TO_DATE('2020-05-01 00:00:00', 'YYYY-MM-DD HH24:MI:SS'), TO_DATE('2020-09-01 00:00:00', 'YYYY-MM-DD HH24:MI:SS'), N'SUMMER1234657391', 1, 1, N'38640440481', 1, 3, 1, N'38640440481');
INSERT INTO "COUPON" ("ID", "AQUIRE_FROM", "AQUIRE_TO", "AWARD_FROM", "AWARD_TO", "CODE", "COUPON_SERIES", "ENABLED", "HOLDER", "MAX_REDEEM_NO", "PROMOTION_ID", "STATUS", "USER")
VALUES (24, TO_DATE('2020-05-01 00:00:00', 'YYYY-MM-DD HH24:MI:SS'), TO_DATE('2020-09-01 00:00:00', 'YYYY-MM-DD HH24:MI:SS'), TO_DATE('2020-05-01 00:00:00', 'YYYY-MM-DD HH24:MI:SS'), TO_DATE('2020-09-01 00:00:00', 'YYYY-MM-DD HH24:MI:SS'), N'SUMMER1234657390', 1, 1, N'38640440482', 1, 3, 1, N'38640440482');
INSERT INTO "COUPON" ("ID", "AQUIRE_FROM", "AQUIRE_TO", "AWARD_FROM", "AWARD_TO", "CODE", "COUPON_SERIES", "ENABLED", "HOLDER", "MAX_REDEEM_NO", "PROMOTION_ID", "STATUS", "USER")
VALUES (52, TO_DATE('2020-05-01 00:00:00', 'YYYY-MM-DD HH24:MI:SS'), TO_DATE('2020-09-01 00:00:00', 'YYYY-MM-DD HH24:MI:SS'), TO_DATE('2020-05-01 00:00:00', 'YYYY-MM-DD HH24:MI:SS'), TO_DATE('2020-09-01 00:00:00', 'YYYY-MM-DD HH24:MI:SS'), N'SUMMER1234657493', 2, 1, N'38640440485', 1, 3, 2, N'38640440485');
INSERT INTO "COUPON" ("ID", "AQUIRE_FROM", "AQUIRE_TO", "AWARD_FROM", "AWARD_TO", "CODE", "COUPON_SERIES", "ENABLED", "HOLDER", "MAX_REDEEM_NO", "PROMOTION_ID", "STATUS", "USER")
VALUES (6, TO_DATE('2020-04-01 00:00:00', 'YYYY-MM-DD HH24:MI:SS'), TO_DATE('2020-06-01 00:00:00', 'YYYY-MM-DD HH24:MI:SS'), TO_DATE('2020-04-01 00:00:00', 'YYYY-MM-DD HH24:MI:SS'), TO_DATE('2020-06-01 00:00:00', 'YYYY-MM-DD HH24:MI:SS'), N'EASTER1234567895', 1, 1, NULL, 1, 2, 3, NULL);
INSERT INTO "COUPON" ("ID", "AQUIRE_FROM", "AQUIRE_TO", "AWARD_FROM", "AWARD_TO", "CODE", "COUPON_SERIES", "ENABLED", "HOLDER", "MAX_REDEEM_NO", "PROMOTION_ID", "STATUS", "USER")
VALUES (2, TO_DATE('2020-04-01 00:00:00', 'YYYY-MM-DD HH24:MI:SS'), TO_DATE('2020-06-01 00:00:00', 'YYYY-MM-DD HH24:MI:SS'), TO_DATE('2020-04-01 00:00:00', 'YYYY-MM-DD HH24:MI:SS'), TO_DATE('2020-06-01 00:00:00', 'YYYY-MM-DD HH24:MI:SS'), N'EASTER1234567892', 1, 1, N'38640440481', 1, 2, 2, N'38640440481');
INSERT INTO "COUPON" ("ID", "AQUIRE_FROM", "AQUIRE_TO", "AWARD_FROM", "AWARD_TO", "CODE", "COUPON_SERIES", "ENABLED", "HOLDER", "MAX_REDEEM_NO", "PROMOTION_ID", "STATUS", "USER")
VALUES (3, TO_DATE('2020-04-01 00:00:00', 'YYYY-MM-DD HH24:MI:SS'), TO_DATE('2020-06-01 00:00:00', 'YYYY-MM-DD HH24:MI:SS'), TO_DATE('2020-04-01 00:00:00', 'YYYY-MM-DD HH24:MI:SS'), TO_DATE('2020-06-01 00:00:00', 'YYYY-MM-DD HH24:MI:SS'), N'EASTER1234567893', 1, 1, N'38640440482', 1, 2, 2, N'38640440482');
INSERT INTO "COUPON" ("ID", "AQUIRE_FROM", "AQUIRE_TO", "AWARD_FROM", "AWARD_TO", "CODE", "COUPON_SERIES", "ENABLED", "HOLDER", "MAX_REDEEM_NO", "PROMOTION_ID", "STATUS", "USER")
VALUES (4, TO_DATE('2020-04-01 00:00:00', 'YYYY-MM-DD HH24:MI:SS'), TO_DATE('2020-06-01 00:00:00', 'YYYY-MM-DD HH24:MI:SS'), TO_DATE('2020-04-01 00:00:00', 'YYYY-MM-DD HH24:MI:SS'), TO_DATE('2020-06-01 00:00:00', 'YYYY-MM-DD HH24:MI:SS'), N'EASTER1234567894', 1, 1, N'38640440483', 1, 2, 1, N'38640440483');
INSERT INTO "COUPON" ("ID", "AQUIRE_FROM", "AQUIRE_TO", "AWARD_FROM", "AWARD_TO", "CODE", "COUPON_SERIES", "ENABLED", "HOLDER", "MAX_REDEEM_NO", "PROMOTION_ID", "STATUS", "USER")
VALUES (5, TO_DATE('2020-04-01 00:00:00', 'YYYY-MM-DD HH24:MI:SS'), TO_DATE('2020-06-01 00:00:00', 'YYYY-MM-DD HH24:MI:SS'), TO_DATE('2020-04-01 00:00:00', 'YYYY-MM-DD HH24:MI:SS'), TO_DATE('2020-06-01 00:00:00', 'YYYY-MM-DD HH24:MI:SS'), N'EASTER1234567891', 1, 1, NULL, 1, 2, 4, NULL);
INSERT INTO "COUPON" ("ID", "AQUIRE_FROM", "AQUIRE_TO", "AWARD_FROM", "AWARD_TO", "CODE", "COUPON_SERIES", "ENABLED", "HOLDER", "MAX_REDEEM_NO", "PROMOTION_ID", "STATUS", "USER")
VALUES (46, TO_DATE('2020-03-20 00:00:00', 'YYYY-MM-DD HH24:MI:SS'), TO_DATE('2020-05-20 00:00:00', 'YYYY-MM-DD HH24:MI:SS'), TO_DATE('2020-03-20 00:00:00', 'YYYY-MM-DD HH24:MI:SS'), TO_DATE('2020-05-20 00:00:00', 'YYYY-MM-DD HH24:MI:SS'), N'SPRING1234567191', 2, 1, N'38640440481', 1, 1, 2, N'38640440481');
INSERT INTO "COUPON" ("ID", "AQUIRE_FROM", "AQUIRE_TO", "AWARD_FROM", "AWARD_TO", "CODE", "COUPON_SERIES", "ENABLED", "HOLDER", "MAX_REDEEM_NO", "PROMOTION_ID", "STATUS", "USER")
VALUES (7, TO_DATE('2020-04-01 00:00:00', 'YYYY-MM-DD HH24:MI:SS'), TO_DATE('2020-06-01 00:00:00', 'YYYY-MM-DD HH24:MI:SS'), TO_DATE('2020-04-01 00:00:00', 'YYYY-MM-DD HH24:MI:SS'), TO_DATE('2020-06-01 00:00:00', 'YYYY-MM-DD HH24:MI:SS'), N'EASTER1234567113', 1, 1, NULL, 1, 2, 3, NULL);
INSERT INTO "COUPON" ("ID", "AQUIRE_FROM", "AQUIRE_TO", "AWARD_FROM", "AWARD_TO", "CODE", "COUPON_SERIES", "ENABLED", "HOLDER", "MAX_REDEEM_NO", "PROMOTION_ID", "STATUS", "USER")
VALUES (29, TO_DATE('2020-04-01 00:00:00', 'YYYY-MM-DD HH24:MI:SS'), TO_DATE('2020-05-01 00:00:00', 'YYYY-MM-DD HH24:MI:SS'), TO_DATE('2020-04-01 00:00:00', 'YYYY-MM-DD HH24:MI:SS'), TO_DATE('2020-05-01 00:00:00', 'YYYY-MM-DD HH24:MI:SS'), N'EASTER1234456294', 1, 1, N'38640440481', 1, 2, 1, N'38640440481');
INSERT INTO "COUPON" ("ID", "AQUIRE_FROM", "AQUIRE_TO", "AWARD_FROM", "AWARD_TO", "CODE", "COUPON_SERIES", "ENABLED", "HOLDER", "MAX_REDEEM_NO", "PROMOTION_ID", "STATUS", "USER")
VALUES (30, TO_DATE('2020-04-01 00:00:00', 'YYYY-MM-DD HH24:MI:SS'), TO_DATE('2020-05-01 00:00:00', 'YYYY-MM-DD HH24:MI:SS'), TO_DATE('2020-04-01 00:00:00', 'YYYY-MM-DD HH24:MI:SS'), TO_DATE('2020-05-01 00:00:00', 'YYYY-MM-DD HH24:MI:SS'), N'EASTER1234456295', 1, 1, N'38640440482', 1, 2, 1, N'38640440482');
INSERT INTO "COUPON" ("ID", "AQUIRE_FROM", "AQUIRE_TO", "AWARD_FROM", "AWARD_TO", "CODE", "COUPON_SERIES", "ENABLED", "HOLDER", "MAX_REDEEM_NO", "PROMOTION_ID", "STATUS", "USER")
VALUES (39, TO_DATE('2020-04-01 00:00:00', 'YYYY-MM-DD HH24:MI:SS'), TO_DATE('2020-06-01 00:00:00', 'YYYY-MM-DD HH24:MI:SS'), TO_DATE('2020-04-01 00:00:00', 'YYYY-MM-DD HH24:MI:SS'), TO_DATE('2020-06-01 00:00:00', 'YYYY-MM-DD HH24:MI:SS'), N'EASTER1234567901', 3, 0, N'38591641146', 1, 2, 2, N'38591641146');
INSERT INTO "COUPON" ("ID", "AQUIRE_FROM", "AQUIRE_TO", "AWARD_FROM", "AWARD_TO", "CODE", "COUPON_SERIES", "ENABLED", "HOLDER", "MAX_REDEEM_NO", "PROMOTION_ID", "STATUS", "USER")
VALUES (40, TO_DATE('2020-04-01 00:00:00', 'YYYY-MM-DD HH24:MI:SS'), TO_DATE('2020-05-01 00:00:00', 'YYYY-MM-DD HH24:MI:SS'), TO_DATE('2020-04-01 00:00:00', 'YYYY-MM-DD HH24:MI:SS'), TO_DATE('2020-05-01 00:00:00', 'YYYY-MM-DD HH24:MI:SS'), N'EASTER1234567902', 3, 1, N'38591641146', 1, 2, 2, N'38591641146');
INSERT INTO "COUPON" ("ID", "AQUIRE_FROM", "AQUIRE_TO", "AWARD_FROM", "AWARD_TO", "CODE", "COUPON_SERIES", "ENABLED", "HOLDER", "MAX_REDEEM_NO", "PROMOTION_ID", "STATUS", "USER")
VALUES (41, TO_DATE('2020-04-12 00:00:00', 'YYYY-MM-DD HH24:MI:SS'), TO_DATE('2020-05-12 00:00:00', 'YYYY-MM-DD HH24:MI:SS'), TO_DATE('2020-04-12 00:00:00', 'YYYY-MM-DD HH24:MI:SS'), TO_DATE('2020-05-12 00:00:00', 'YYYY-MM-DD HH24:MI:SS'), N'EASTER1234567903', 3, 1, N'38591641146', 1, 2, 1, N'38591641146');
INSERT INTO "COUPON" ("ID", "AQUIRE_FROM", "AQUIRE_TO", "AWARD_FROM", "AWARD_TO", "CODE", "COUPON_SERIES", "ENABLED", "HOLDER", "MAX_REDEEM_NO", "PROMOTION_ID", "STATUS", "USER")
VALUES (23, TO_DATE('2020-03-20 00:00:00', 'YYYY-MM-DD HH24:MI:SS'), TO_DATE('2020-04-20 00:00:00', 'YYYY-MM-DD HH24:MI:SS'), TO_DATE('2020-03-20 00:00:00', 'YYYY-MM-DD HH24:MI:SS'), TO_DATE('2020-04-20 00:00:00', 'YYYY-MM-DD HH24:MI:SS'), N'SPRING1234657291', 2, 1, N'38640440482', 1, 1, 4, N'38640440482');
INSERT INTO "COUPON" ("ID", "AQUIRE_FROM", "AQUIRE_TO", "AWARD_FROM", "AWARD_TO", "CODE", "COUPON_SERIES", "ENABLED", "HOLDER", "MAX_REDEEM_NO", "PROMOTION_ID", "STATUS", "USER")
VALUES (45, TO_DATE('2020-03-20 00:00:00', 'YYYY-MM-DD HH24:MI:SS'), TO_DATE('2020-05-20 00:00:00', 'YYYY-MM-DD HH24:MI:SS'), TO_DATE('2020-03-20 00:00:00', 'YYYY-MM-DD HH24:MI:SS'), TO_DATE('2020-05-20 00:00:00', 'YYYY-MM-DD HH24:MI:SS'), N'SPRING1234567190', 2, 1, N'38640440481', 1, 1, 3, N'38640440481');
INSERT INTO "COUPON" ("ID", "AQUIRE_FROM", "AQUIRE_TO", "AWARD_FROM", "AWARD_TO", "CODE", "COUPON_SERIES", "ENABLED", "HOLDER", "MAX_REDEEM_NO", "PROMOTION_ID", "STATUS", "USER")
VALUES (16, TO_DATE('2020-03-20 00:00:00', 'YYYY-MM-DD HH24:MI:SS'), TO_DATE('2020-05-20 00:00:00', 'YYYY-MM-DD HH24:MI:SS'), TO_DATE('2020-03-20 00:00:00', 'YYYY-MM-DD HH24:MI:SS'), TO_DATE('2020-05-20 00:00:00', 'YYYY-MM-DD HH24:MI:SS'), N'SPRING1234567291', 2, 1, N'38640440481', 1, 1, 4, N'38640440481');
INSERT INTO "COUPON" ("ID", "AQUIRE_FROM", "AQUIRE_TO", "AWARD_FROM", "AWARD_TO", "CODE", "COUPON_SERIES", "ENABLED", "HOLDER", "MAX_REDEEM_NO", "PROMOTION_ID", "STATUS", "USER")
VALUES (42, TO_DATE('2020-04-01 00:00:00', 'YYYY-MM-DD HH24:MI:SS'), TO_DATE('2020-05-01 00:00:00', 'YYYY-MM-DD HH24:MI:SS'), TO_DATE('2020-04-01 00:00:00', 'YYYY-MM-DD HH24:MI:SS'), TO_DATE('2020-05-01 00:00:00', 'YYYY-MM-DD HH24:MI:SS'), N'EASTER1234567904', 3, 0, N'38591641147', 1, 2, 1, N'38591641147');
INSERT INTO "COUPON" ("ID", "AQUIRE_FROM", "AQUIRE_TO", "AWARD_FROM", "AWARD_TO", "CODE", "COUPON_SERIES", "ENABLED", "HOLDER", "MAX_REDEEM_NO", "PROMOTION_ID", "STATUS", "USER")
VALUES (43, TO_DATE('2020-04-01 00:00:00', 'YYYY-MM-DD HH24:MI:SS'), TO_DATE('2020-05-01 00:00:00', 'YYYY-MM-DD HH24:MI:SS'), TO_DATE('2020-04-01 00:00:00', 'YYYY-MM-DD HH24:MI:SS'), TO_DATE('2020-05-01 00:00:00', 'YYYY-MM-DD HH24:MI:SS'), N'EASTER1234567905', 3, 1, N'38591641148', 1, 2, 3, N'38591641148');
INSERT INTO "COUPON" ("ID", "AQUIRE_FROM", "AQUIRE_TO", "AWARD_FROM", "AWARD_TO", "CODE", "COUPON_SERIES", "ENABLED", "HOLDER", "MAX_REDEEM_NO", "PROMOTION_ID", "STATUS", "USER")
VALUES (44, TO_DATE('2020-04-01 00:00:00', 'YYYY-MM-DD HH24:MI:SS'), TO_DATE('2020-05-01 00:00:00', 'YYYY-MM-DD HH24:MI:SS'), TO_DATE('2020-04-01 00:00:00', 'YYYY-MM-DD HH24:MI:SS'), TO_DATE('2020-05-01 00:00:00', 'YYYY-MM-DD HH24:MI:SS'), N'EASTER1234567906', 3, 1, N'38591641148', 1, 2, 2, N'38591641148');
INSERT INTO "COUPON" ("ID", "AQUIRE_FROM", "AQUIRE_TO", "AWARD_FROM", "AWARD_TO", "CODE", "COUPON_SERIES", "ENABLED", "HOLDER", "MAX_REDEEM_NO", "PROMOTION_ID", "STATUS", "USER")
VALUES (15, TO_DATE('2020-03-20 00:00:00', 'YYYY-MM-DD HH24:MI:SS'), TO_DATE('2020-05-20 00:00:00', 'YYYY-MM-DD HH24:MI:SS'), TO_DATE('2020-03-20 00:00:00', 'YYYY-MM-DD HH24:MI:SS'), TO_DATE('2020-05-20 00:00:00', 'YYYY-MM-DD HH24:MI:SS'), N'SPRING1234567290', 2, 1, N'38640440481', 1, 1, 3, N'38640440481');
INSERT INTO "COUPON" ("ID", "AQUIRE_FROM", "AQUIRE_TO", "AWARD_FROM", "AWARD_TO", "CODE", "COUPON_SERIES", "ENABLED", "HOLDER", "MAX_REDEEM_NO", "PROMOTION_ID", "STATUS", "USER")
VALUES (22, TO_DATE('2020-03-20 00:00:00', 'YYYY-MM-DD HH24:MI:SS'), TO_DATE('2020-04-20 00:00:00', 'YYYY-MM-DD HH24:MI:SS'), TO_DATE('2020-03-20 00:00:00', 'YYYY-MM-DD HH24:MI:SS'), TO_DATE('2020-04-20 00:00:00', 'YYYY-MM-DD HH24:MI:SS'), N'SPRING1234567093', 2, 1, N'38640440482', 1, 1, 3, N'38640440482');
END;
/

BEGIN
INSERT INTO "PROMOTION_AWARD_CHANNEL" ("PROMOTION_ID", "AWARD_CHANNEL_ID")
VALUES (1, 3);
INSERT INTO "PROMOTION_AWARD_CHANNEL" ("PROMOTION_ID", "AWARD_CHANNEL_ID")
VALUES (3, 3);
INSERT INTO "PROMOTION_AWARD_CHANNEL" ("PROMOTION_ID", "AWARD_CHANNEL_ID")
VALUES (3, 4);
INSERT INTO "PROMOTION_AWARD_CHANNEL" ("PROMOTION_ID", "AWARD_CHANNEL_ID")
VALUES (3, 1);
INSERT INTO "PROMOTION_AWARD_CHANNEL" ("PROMOTION_ID", "AWARD_CHANNEL_ID")
VALUES (11, 1);
INSERT INTO "PROMOTION_AWARD_CHANNEL" ("PROMOTION_ID", "AWARD_CHANNEL_ID")
VALUES (1, 1);
INSERT INTO "PROMOTION_AWARD_CHANNEL" ("PROMOTION_ID", "AWARD_CHANNEL_ID")
VALUES (2, 3);
INSERT INTO "PROMOTION_AWARD_CHANNEL" ("PROMOTION_ID", "AWARD_CHANNEL_ID")
VALUES (2, 4);
INSERT INTO "PROMOTION_AWARD_CHANNEL" ("PROMOTION_ID", "AWARD_CHANNEL_ID")
VALUES (2, 5);
INSERT INTO "PROMOTION_AWARD_CHANNEL" ("PROMOTION_ID", "AWARD_CHANNEL_ID")
VALUES (1, 5);
END;
/

BEGIN
INSERT INTO "PROMOTION_ISSUER_CHANNEL" ("PROMOTION_ID", "ISSUER_CHANNEL_ID")
VALUES (2, 4);
INSERT INTO "PROMOTION_ISSUER_CHANNEL" ("PROMOTION_ID", "ISSUER_CHANNEL_ID")
VALUES (1, 2);
INSERT INTO "PROMOTION_ISSUER_CHANNEL" ("PROMOTION_ID", "ISSUER_CHANNEL_ID")
VALUES (1, 1);
INSERT INTO "PROMOTION_ISSUER_CHANNEL" ("PROMOTION_ID", "ISSUER_CHANNEL_ID")
VALUES (3, 1);
INSERT INTO "PROMOTION_ISSUER_CHANNEL" ("PROMOTION_ID", "ISSUER_CHANNEL_ID")
VALUES (3, 4);
INSERT INTO "PROMOTION_ISSUER_CHANNEL" ("PROMOTION_ID", "ISSUER_CHANNEL_ID")
VALUES (2, 5);
INSERT INTO "PROMOTION_ISSUER_CHANNEL" ("PROMOTION_ID", "ISSUER_CHANNEL_ID")
VALUES (11, 2);
INSERT INTO "PROMOTION_ISSUER_CHANNEL" ("PROMOTION_ID", "ISSUER_CHANNEL_ID")
VALUES (2, 1);
INSERT INTO "PROMOTION_ISSUER_CHANNEL" ("PROMOTION_ID", "ISSUER_CHANNEL_ID")
VALUES (1, 5);
INSERT INTO "PROMOTION_ISSUER_CHANNEL" ("PROMOTION_ID", "ISSUER_CHANNEL_ID")
VALUES (3, 5);
END;
/

BEGIN
INSERT INTO "PROMOTION_PROPERTY" ("PROMOTION_ID", "PROPERTY_ID")
VALUES (2, 6);
INSERT INTO "PROMOTION_PROPERTY" ("PROMOTION_ID", "PROPERTY_ID")
VALUES (2, 1);
INSERT INTO "PROMOTION_PROPERTY" ("PROMOTION_ID", "PROPERTY_ID")
VALUES (11, 1);
INSERT INTO "PROMOTION_PROPERTY" ("PROMOTION_ID", "PROPERTY_ID")
VALUES (1, 2);
INSERT INTO "PROMOTION_PROPERTY" ("PROMOTION_ID", "PROPERTY_ID")
VALUES (7, 2);
INSERT INTO "PROMOTION_PROPERTY" ("PROMOTION_ID", "PROPERTY_ID")
VALUES (1, 4);
INSERT INTO "PROMOTION_PROPERTY" ("PROMOTION_ID", "PROPERTY_ID")
VALUES (5, 4);
INSERT INTO "PROMOTION_PROPERTY" ("PROMOTION_ID", "PROPERTY_ID")
VALUES (3, 6);
END;
/

BEGIN
INSERT INTO "COUPON_AWARD_CHANNEL" ("COUPON_ID", "AWARD_CHANNEL_ID")
VALUES (15, 5);
INSERT INTO "COUPON_AWARD_CHANNEL" ("COUPON_ID", "AWARD_CHANNEL_ID")
VALUES (48, 4);
INSERT INTO "COUPON_AWARD_CHANNEL" ("COUPON_ID", "AWARD_CHANNEL_ID")
VALUES (20, 3);
INSERT INTO "COUPON_AWARD_CHANNEL" ("COUPON_ID", "AWARD_CHANNEL_ID")
VALUES (44, 1);
INSERT INTO "COUPON_AWARD_CHANNEL" ("COUPON_ID", "AWARD_CHANNEL_ID")
VALUES (43, 1);
INSERT INTO "COUPON_AWARD_CHANNEL" ("COUPON_ID", "AWARD_CHANNEL_ID")
VALUES (21, 3);
INSERT INTO "COUPON_AWARD_CHANNEL" ("COUPON_ID", "AWARD_CHANNEL_ID")
VALUES (7, 5);
INSERT INTO "COUPON_AWARD_CHANNEL" ("COUPON_ID", "AWARD_CHANNEL_ID")
VALUES (49, 5);
INSERT INTO "COUPON_AWARD_CHANNEL" ("COUPON_ID", "AWARD_CHANNEL_ID")
VALUES (50, 5);
INSERT INTO "COUPON_AWARD_CHANNEL" ("COUPON_ID", "AWARD_CHANNEL_ID")
VALUES (6, 1);
INSERT INTO "COUPON_AWARD_CHANNEL" ("COUPON_ID", "AWARD_CHANNEL_ID")
VALUES (38, 1);
INSERT INTO "COUPON_AWARD_CHANNEL" ("COUPON_ID", "AWARD_CHANNEL_ID")
VALUES (46, 3);
INSERT INTO "COUPON_AWARD_CHANNEL" ("COUPON_ID", "AWARD_CHANNEL_ID")
VALUES (45, 3);
INSERT INTO "COUPON_AWARD_CHANNEL" ("COUPON_ID", "AWARD_CHANNEL_ID")
VALUES (47, 4);
INSERT INTO "COUPON_AWARD_CHANNEL" ("COUPON_ID", "AWARD_CHANNEL_ID")
VALUES (22, 5);
INSERT INTO "COUPON_AWARD_CHANNEL" ("COUPON_ID", "AWARD_CHANNEL_ID")
VALUES (13, 1);
END;
/

BEGIN
INSERT INTO "COUPON_ISSUER_CHANNEL" ("COUPON_ID", "ISSUER_CHANNEL_ID")
VALUES (49, 5);
INSERT INTO "COUPON_ISSUER_CHANNEL" ("COUPON_ID", "ISSUER_CHANNEL_ID")
VALUES (13, 1);
INSERT INTO "COUPON_ISSUER_CHANNEL" ("COUPON_ID", "ISSUER_CHANNEL_ID")
VALUES (21, 3);
INSERT INTO "COUPON_ISSUER_CHANNEL" ("COUPON_ID", "ISSUER_CHANNEL_ID")
VALUES (38, 1);
INSERT INTO "COUPON_ISSUER_CHANNEL" ("COUPON_ID", "ISSUER_CHANNEL_ID")
VALUES (20, 3);
INSERT INTO "COUPON_ISSUER_CHANNEL" ("COUPON_ID", "ISSUER_CHANNEL_ID")
VALUES (19, 5);
INSERT INTO "COUPON_ISSUER_CHANNEL" ("COUPON_ID", "ISSUER_CHANNEL_ID")
VALUES (18, 5);
INSERT INTO "COUPON_ISSUER_CHANNEL" ("COUPON_ID", "ISSUER_CHANNEL_ID")
VALUES (47, 4);
INSERT INTO "COUPON_ISSUER_CHANNEL" ("COUPON_ID", "ISSUER_CHANNEL_ID")
VALUES (17, 5);
INSERT INTO "COUPON_ISSUER_CHANNEL" ("COUPON_ID", "ISSUER_CHANNEL_ID")
VALUES (50, 5);
INSERT INTO "COUPON_ISSUER_CHANNEL" ("COUPON_ID", "ISSUER_CHANNEL_ID")
VALUES (8, 4);
INSERT INTO "COUPON_ISSUER_CHANNEL" ("COUPON_ID", "ISSUER_CHANNEL_ID")
VALUES (11, 1);
INSERT INTO "COUPON_ISSUER_CHANNEL" ("COUPON_ID", "ISSUER_CHANNEL_ID")
VALUES (15, 5);
INSERT INTO "COUPON_ISSUER_CHANNEL" ("COUPON_ID", "ISSUER_CHANNEL_ID")
VALUES (22, 5);
INSERT INTO "COUPON_ISSUER_CHANNEL" ("COUPON_ID", "ISSUER_CHANNEL_ID")
VALUES (45, 3);
INSERT INTO "COUPON_ISSUER_CHANNEL" ("COUPON_ID", "ISSUER_CHANNEL_ID")
VALUES (46, 3);
INSERT INTO "COUPON_ISSUER_CHANNEL" ("COUPON_ID", "ISSUER_CHANNEL_ID")
VALUES (2, 1);
INSERT INTO "COUPON_ISSUER_CHANNEL" ("COUPON_ID", "ISSUER_CHANNEL_ID")
VALUES (3, 1);
INSERT INTO "COUPON_ISSUER_CHANNEL" ("COUPON_ID", "ISSUER_CHANNEL_ID")
VALUES (4, 1);
INSERT INTO "COUPON_ISSUER_CHANNEL" ("COUPON_ID", "ISSUER_CHANNEL_ID")
VALUES (12, 3);
INSERT INTO "COUPON_ISSUER_CHANNEL" ("COUPON_ID", "ISSUER_CHANNEL_ID")
VALUES (5, 5);
INSERT INTO "COUPON_ISSUER_CHANNEL" ("COUPON_ID", "ISSUER_CHANNEL_ID")
VALUES (7, 5);
INSERT INTO "COUPON_ISSUER_CHANNEL" ("COUPON_ID", "ISSUER_CHANNEL_ID")
VALUES (43, 1);
INSERT INTO "COUPON_ISSUER_CHANNEL" ("COUPON_ID", "ISSUER_CHANNEL_ID")
VALUES (44, 1);
INSERT INTO "COUPON_ISSUER_CHANNEL" ("COUPON_ID", "ISSUER_CHANNEL_ID")
VALUES (51, 2);
INSERT INTO "COUPON_ISSUER_CHANNEL" ("COUPON_ID", "ISSUER_CHANNEL_ID")
VALUES (52, 2);
INSERT INTO "COUPON_ISSUER_CHANNEL" ("COUPON_ID", "ISSUER_CHANNEL_ID")
VALUES (9, 5);
INSERT INTO "COUPON_ISSUER_CHANNEL" ("COUPON_ID", "ISSUER_CHANNEL_ID")
VALUES (10, 2);
INSERT INTO "COUPON_ISSUER_CHANNEL" ("COUPON_ID", "ISSUER_CHANNEL_ID")
VALUES (6, 1);
INSERT INTO "COUPON_ISSUER_CHANNEL" ("COUPON_ID", "ISSUER_CHANNEL_ID")
VALUES (48, 4);
END;
/

CREATE UNIQUE INDEX "IX_COUPON_CODE" ON "COUPON" ("CODE") WHERE [CODE] IS NOT NULL
/

CREATE INDEX "IX_COUPON_PROMOTION_ID" ON "COUPON" ("PROMOTION_ID")
/

CREATE INDEX "IX_COUPON_AWARD_CHANNEL_AWARD_CHANNEL_ID" ON "COUPON_AWARD_CHANNEL" ("AWARD_CHANNEL_ID")
/

CREATE INDEX "IX_COUPON_HISTORY_COUPON_ID" ON "COUPON_HISTORY" ("COUPON_ID")
/

CREATE INDEX "IX_COUPON_ISSUER_CHANNEL_ISSUER_CHANNEL_ID" ON "COUPON_ISSUER_CHANNEL" ("ISSUER_CHANNEL_ID")
/

CREATE INDEX "IX_NOTIFY_LIST_CHANNEL_ID" ON "NOTIFY_LIST" ("CHANNEL_ID")
/

CREATE UNIQUE INDEX "IX_PROMOTION_CODE" ON "PROMOTION" ("CODE")
/

CREATE INDEX "IX_PROMOTION_AWARD_CHANNEL_AWARD_CHANNEL_ID" ON "PROMOTION_AWARD_CHANNEL" ("AWARD_CHANNEL_ID")
/

CREATE INDEX "IX_PROMOTION_ISSUER_CHANNEL_ISSUER_CHANNEL_ID" ON "PROMOTION_ISSUER_CHANNEL" ("ISSUER_CHANNEL_ID")
/

CREATE INDEX "IX_PROMOTION_PROPERTY_PROPERTY_ID" ON "PROMOTION_PROPERTY" ("PROPERTY_ID")
/

CREATE UNIQUE INDEX "IX_SYSTEM_NAME" ON "SYSTEM" ("NAME") WHERE [NAME] IS NOT NULL
/

INSERT INTO "__EFMigrationsHistory" ("MigrationId", "ProductVersion")
VALUES (N'20200612202049_Init', N'2.2.6-servicing-10079')
/

DELETE FROM "ACCESS_LOG"
WHERE "ID" = 1
/

DELETE FROM "ACCESS_LOG"
WHERE "ID" = 2
/

DELETE FROM "APPL_USER"
WHERE "USERNAME" = N'ljubo'
/

DELETE FROM "APPL_USER"
WHERE "USERNAME" = N'traktor'
/

DELETE FROM "COUPON"
WHERE "ID" = 14
/

DELETE FROM "COUPON"
WHERE "ID" = 16
/

DELETE FROM "COUPON"
WHERE "ID" = 23
/

DELETE FROM "COUPON"
WHERE "ID" = 24
/

DELETE FROM "COUPON"
WHERE "ID" = 25
/

DELETE FROM "COUPON"
WHERE "ID" = 26
/

DELETE FROM "COUPON"
WHERE "ID" = 27
/

DELETE FROM "COUPON"
WHERE "ID" = 28
/

DELETE FROM "COUPON"
WHERE "ID" = 29
/

DELETE FROM "COUPON"
WHERE "ID" = 30
/

DELETE FROM "COUPON"
WHERE "ID" = 31
/

DELETE FROM "COUPON"
WHERE "ID" = 32
/

DELETE FROM "COUPON"
WHERE "ID" = 33
/

DELETE FROM "COUPON"
WHERE "ID" = 34
/

DELETE FROM "COUPON"
WHERE "ID" = 35
/

DELETE FROM "COUPON"
WHERE "ID" = 36
/

DELETE FROM "COUPON"
WHERE "ID" = 37
/

DELETE FROM "COUPON"
WHERE "ID" = 39
/

DELETE FROM "COUPON"
WHERE "ID" = 40
/

DELETE FROM "COUPON"
WHERE "ID" = 41
/

DELETE FROM "COUPON"
WHERE "ID" = 42
/

DELETE FROM "COUPON_AWARD_CHANNEL"
WHERE "COUPON_ID" = 6 AND "AWARD_CHANNEL_ID" = 1
/

DELETE FROM "COUPON_AWARD_CHANNEL"
WHERE "COUPON_ID" = 7 AND "AWARD_CHANNEL_ID" = 5
/

DELETE FROM "COUPON_AWARD_CHANNEL"
WHERE "COUPON_ID" = 13 AND "AWARD_CHANNEL_ID" = 1
/

DELETE FROM "COUPON_AWARD_CHANNEL"
WHERE "COUPON_ID" = 15 AND "AWARD_CHANNEL_ID" = 5
/

DELETE FROM "COUPON_AWARD_CHANNEL"
WHERE "COUPON_ID" = 20 AND "AWARD_CHANNEL_ID" = 3
/

DELETE FROM "COUPON_AWARD_CHANNEL"
WHERE "COUPON_ID" = 21 AND "AWARD_CHANNEL_ID" = 3
/

DELETE FROM "COUPON_AWARD_CHANNEL"
WHERE "COUPON_ID" = 22 AND "AWARD_CHANNEL_ID" = 5
/

DELETE FROM "COUPON_AWARD_CHANNEL"
WHERE "COUPON_ID" = 38 AND "AWARD_CHANNEL_ID" = 1
/

DELETE FROM "COUPON_AWARD_CHANNEL"
WHERE "COUPON_ID" = 43 AND "AWARD_CHANNEL_ID" = 1
/

DELETE FROM "COUPON_AWARD_CHANNEL"
WHERE "COUPON_ID" = 44 AND "AWARD_CHANNEL_ID" = 1
/

DELETE FROM "COUPON_AWARD_CHANNEL"
WHERE "COUPON_ID" = 45 AND "AWARD_CHANNEL_ID" = 3
/

DELETE FROM "COUPON_AWARD_CHANNEL"
WHERE "COUPON_ID" = 46 AND "AWARD_CHANNEL_ID" = 3
/

DELETE FROM "COUPON_AWARD_CHANNEL"
WHERE "COUPON_ID" = 47 AND "AWARD_CHANNEL_ID" = 4
/

DELETE FROM "COUPON_AWARD_CHANNEL"
WHERE "COUPON_ID" = 48 AND "AWARD_CHANNEL_ID" = 4
/

DELETE FROM "COUPON_AWARD_CHANNEL"
WHERE "COUPON_ID" = 49 AND "AWARD_CHANNEL_ID" = 5
/

DELETE FROM "COUPON_AWARD_CHANNEL"
WHERE "COUPON_ID" = 50 AND "AWARD_CHANNEL_ID" = 5
/

DELETE FROM "COUPON_ISSUER_CHANNEL"
WHERE "COUPON_ID" = 2 AND "ISSUER_CHANNEL_ID" = 1
/

DELETE FROM "COUPON_ISSUER_CHANNEL"
WHERE "COUPON_ID" = 3 AND "ISSUER_CHANNEL_ID" = 1
/

DELETE FROM "COUPON_ISSUER_CHANNEL"
WHERE "COUPON_ID" = 4 AND "ISSUER_CHANNEL_ID" = 1
/

DELETE FROM "COUPON_ISSUER_CHANNEL"
WHERE "COUPON_ID" = 5 AND "ISSUER_CHANNEL_ID" = 5
/

DELETE FROM "COUPON_ISSUER_CHANNEL"
WHERE "COUPON_ID" = 6 AND "ISSUER_CHANNEL_ID" = 1
/

DELETE FROM "COUPON_ISSUER_CHANNEL"
WHERE "COUPON_ID" = 7 AND "ISSUER_CHANNEL_ID" = 5
/

DELETE FROM "COUPON_ISSUER_CHANNEL"
WHERE "COUPON_ID" = 8 AND "ISSUER_CHANNEL_ID" = 4
/

DELETE FROM "COUPON_ISSUER_CHANNEL"
WHERE "COUPON_ID" = 9 AND "ISSUER_CHANNEL_ID" = 5
/

DELETE FROM "COUPON_ISSUER_CHANNEL"
WHERE "COUPON_ID" = 10 AND "ISSUER_CHANNEL_ID" = 2
/

DELETE FROM "COUPON_ISSUER_CHANNEL"
WHERE "COUPON_ID" = 11 AND "ISSUER_CHANNEL_ID" = 1
/

DELETE FROM "COUPON_ISSUER_CHANNEL"
WHERE "COUPON_ID" = 12 AND "ISSUER_CHANNEL_ID" = 3
/

DELETE FROM "COUPON_ISSUER_CHANNEL"
WHERE "COUPON_ID" = 13 AND "ISSUER_CHANNEL_ID" = 1
/

DELETE FROM "COUPON_ISSUER_CHANNEL"
WHERE "COUPON_ID" = 15 AND "ISSUER_CHANNEL_ID" = 5
/

DELETE FROM "COUPON_ISSUER_CHANNEL"
WHERE "COUPON_ID" = 17 AND "ISSUER_CHANNEL_ID" = 5
/

DELETE FROM "COUPON_ISSUER_CHANNEL"
WHERE "COUPON_ID" = 18 AND "ISSUER_CHANNEL_ID" = 5
/

DELETE FROM "COUPON_ISSUER_CHANNEL"
WHERE "COUPON_ID" = 19 AND "ISSUER_CHANNEL_ID" = 5
/

DELETE FROM "COUPON_ISSUER_CHANNEL"
WHERE "COUPON_ID" = 20 AND "ISSUER_CHANNEL_ID" = 3
/

DELETE FROM "COUPON_ISSUER_CHANNEL"
WHERE "COUPON_ID" = 21 AND "ISSUER_CHANNEL_ID" = 3
/

DELETE FROM "COUPON_ISSUER_CHANNEL"
WHERE "COUPON_ID" = 22 AND "ISSUER_CHANNEL_ID" = 5
/

DELETE FROM "COUPON_ISSUER_CHANNEL"
WHERE "COUPON_ID" = 38 AND "ISSUER_CHANNEL_ID" = 1
/

DELETE FROM "COUPON_ISSUER_CHANNEL"
WHERE "COUPON_ID" = 43 AND "ISSUER_CHANNEL_ID" = 1
/

DELETE FROM "COUPON_ISSUER_CHANNEL"
WHERE "COUPON_ID" = 44 AND "ISSUER_CHANNEL_ID" = 1
/

DELETE FROM "COUPON_ISSUER_CHANNEL"
WHERE "COUPON_ID" = 45 AND "ISSUER_CHANNEL_ID" = 3
/

DELETE FROM "COUPON_ISSUER_CHANNEL"
WHERE "COUPON_ID" = 46 AND "ISSUER_CHANNEL_ID" = 3
/

DELETE FROM "COUPON_ISSUER_CHANNEL"
WHERE "COUPON_ID" = 47 AND "ISSUER_CHANNEL_ID" = 4
/

DELETE FROM "COUPON_ISSUER_CHANNEL"
WHERE "COUPON_ID" = 48 AND "ISSUER_CHANNEL_ID" = 4
/

DELETE FROM "COUPON_ISSUER_CHANNEL"
WHERE "COUPON_ID" = 49 AND "ISSUER_CHANNEL_ID" = 5
/

DELETE FROM "COUPON_ISSUER_CHANNEL"
WHERE "COUPON_ID" = 50 AND "ISSUER_CHANNEL_ID" = 5
/

DELETE FROM "COUPON_ISSUER_CHANNEL"
WHERE "COUPON_ID" = 51 AND "ISSUER_CHANNEL_ID" = 2
/

DELETE FROM "COUPON_ISSUER_CHANNEL"
WHERE "COUPON_ID" = 52 AND "ISSUER_CHANNEL_ID" = 2
/

DELETE FROM "PROMOTION"
WHERE "ID" = 4
/

DELETE FROM "PROMOTION"
WHERE "ID" = 6
/

DELETE FROM "PROMOTION"
WHERE "ID" = 8
/

DELETE FROM "PROMOTION"
WHERE "ID" = 9
/

DELETE FROM "PROMOTION"
WHERE "ID" = 10
/

DELETE FROM "PROMOTION"
WHERE "ID" = 12
/

DELETE FROM "PROMOTION"
WHERE "ID" = 13
/

DELETE FROM "PROMOTION"
WHERE "ID" = 14
/

DELETE FROM "PROMOTION"
WHERE "ID" = 15
/

DELETE FROM "PROMOTION"
WHERE "ID" = 16
/

DELETE FROM "PROMOTION"
WHERE "ID" = 17
/

DELETE FROM "PROMOTION"
WHERE "ID" = 18
/

DELETE FROM "PROMOTION"
WHERE "ID" = 19
/

DELETE FROM "PROMOTION"
WHERE "ID" = 20
/

DELETE FROM "PROMOTION"
WHERE "ID" = 21
/

DELETE FROM "PROMOTION"
WHERE "ID" = 22
/

DELETE FROM "PROMOTION"
WHERE "ID" = 23
/

DELETE FROM "PROMOTION"
WHERE "ID" = 24
/

DELETE FROM "PROMOTION_AWARD_CHANNEL"
WHERE "PROMOTION_ID" = 1 AND "AWARD_CHANNEL_ID" = 1
/

DELETE FROM "PROMOTION_AWARD_CHANNEL"
WHERE "PROMOTION_ID" = 1 AND "AWARD_CHANNEL_ID" = 3
/

DELETE FROM "PROMOTION_AWARD_CHANNEL"
WHERE "PROMOTION_ID" = 1 AND "AWARD_CHANNEL_ID" = 5
/

DELETE FROM "PROMOTION_AWARD_CHANNEL"
WHERE "PROMOTION_ID" = 2 AND "AWARD_CHANNEL_ID" = 3
/

DELETE FROM "PROMOTION_AWARD_CHANNEL"
WHERE "PROMOTION_ID" = 2 AND "AWARD_CHANNEL_ID" = 4
/

DELETE FROM "PROMOTION_AWARD_CHANNEL"
WHERE "PROMOTION_ID" = 2 AND "AWARD_CHANNEL_ID" = 5
/

DELETE FROM "PROMOTION_AWARD_CHANNEL"
WHERE "PROMOTION_ID" = 3 AND "AWARD_CHANNEL_ID" = 1
/

DELETE FROM "PROMOTION_AWARD_CHANNEL"
WHERE "PROMOTION_ID" = 3 AND "AWARD_CHANNEL_ID" = 3
/

DELETE FROM "PROMOTION_AWARD_CHANNEL"
WHERE "PROMOTION_ID" = 3 AND "AWARD_CHANNEL_ID" = 4
/

DELETE FROM "PROMOTION_AWARD_CHANNEL"
WHERE "PROMOTION_ID" = 11 AND "AWARD_CHANNEL_ID" = 1
/

DELETE FROM "PROMOTION_ISSUER_CHANNEL"
WHERE "PROMOTION_ID" = 1 AND "ISSUER_CHANNEL_ID" = 1
/

DELETE FROM "PROMOTION_ISSUER_CHANNEL"
WHERE "PROMOTION_ID" = 1 AND "ISSUER_CHANNEL_ID" = 2
/

DELETE FROM "PROMOTION_ISSUER_CHANNEL"
WHERE "PROMOTION_ID" = 1 AND "ISSUER_CHANNEL_ID" = 5
/

DELETE FROM "PROMOTION_ISSUER_CHANNEL"
WHERE "PROMOTION_ID" = 2 AND "ISSUER_CHANNEL_ID" = 1
/

DELETE FROM "PROMOTION_ISSUER_CHANNEL"
WHERE "PROMOTION_ID" = 2 AND "ISSUER_CHANNEL_ID" = 4
/

DELETE FROM "PROMOTION_ISSUER_CHANNEL"
WHERE "PROMOTION_ID" = 2 AND "ISSUER_CHANNEL_ID" = 5
/

DELETE FROM "PROMOTION_ISSUER_CHANNEL"
WHERE "PROMOTION_ID" = 3 AND "ISSUER_CHANNEL_ID" = 1
/

DELETE FROM "PROMOTION_ISSUER_CHANNEL"
WHERE "PROMOTION_ID" = 3 AND "ISSUER_CHANNEL_ID" = 4
/

DELETE FROM "PROMOTION_ISSUER_CHANNEL"
WHERE "PROMOTION_ID" = 3 AND "ISSUER_CHANNEL_ID" = 5
/

DELETE FROM "PROMOTION_ISSUER_CHANNEL"
WHERE "PROMOTION_ID" = 11 AND "ISSUER_CHANNEL_ID" = 2
/

DELETE FROM "PROMOTION_PROPERTY"
WHERE "PROMOTION_ID" = 1 AND "PROPERTY_ID" = 2
/

DELETE FROM "PROMOTION_PROPERTY"
WHERE "PROMOTION_ID" = 1 AND "PROPERTY_ID" = 4
/

DELETE FROM "PROMOTION_PROPERTY"
WHERE "PROMOTION_ID" = 2 AND "PROPERTY_ID" = 1
/

DELETE FROM "PROMOTION_PROPERTY"
WHERE "PROMOTION_ID" = 2 AND "PROPERTY_ID" = 6
/

DELETE FROM "PROMOTION_PROPERTY"
WHERE "PROMOTION_ID" = 3 AND "PROPERTY_ID" = 6
/

DELETE FROM "PROMOTION_PROPERTY"
WHERE "PROMOTION_ID" = 5 AND "PROPERTY_ID" = 4
/

DELETE FROM "PROMOTION_PROPERTY"
WHERE "PROMOTION_ID" = 7 AND "PROPERTY_ID" = 2
/

DELETE FROM "PROMOTION_PROPERTY"
WHERE "PROMOTION_ID" = 11 AND "PROPERTY_ID" = 1
/

DELETE FROM "SYSTEM"
WHERE "ID" = 1
/

DELETE FROM "SYSTEM"
WHERE "ID" = 2
/

DELETE FROM "COUPON"
WHERE "ID" = 2
/

DELETE FROM "COUPON"
WHERE "ID" = 3
/

DELETE FROM "COUPON"
WHERE "ID" = 4
/

DELETE FROM "COUPON"
WHERE "ID" = 5
/

DELETE FROM "COUPON"
WHERE "ID" = 6
/

DELETE FROM "COUPON"
WHERE "ID" = 7
/

DELETE FROM "COUPON"
WHERE "ID" = 8
/

DELETE FROM "COUPON"
WHERE "ID" = 9
/

DELETE FROM "COUPON"
WHERE "ID" = 10
/

DELETE FROM "COUPON"
WHERE "ID" = 11
/

DELETE FROM "COUPON"
WHERE "ID" = 12
/

DELETE FROM "COUPON"
WHERE "ID" = 13
/

DELETE FROM "COUPON"
WHERE "ID" = 15
/

DELETE FROM "COUPON"
WHERE "ID" = 17
/

DELETE FROM "COUPON"
WHERE "ID" = 18
/

DELETE FROM "COUPON"
WHERE "ID" = 19
/

DELETE FROM "COUPON"
WHERE "ID" = 20
/

DELETE FROM "COUPON"
WHERE "ID" = 21
/

DELETE FROM "COUPON"
WHERE "ID" = 22
/

DELETE FROM "COUPON"
WHERE "ID" = 38
/

DELETE FROM "COUPON"
WHERE "ID" = 43
/

DELETE FROM "COUPON"
WHERE "ID" = 44
/

DELETE FROM "COUPON"
WHERE "ID" = 45
/

DELETE FROM "COUPON"
WHERE "ID" = 46
/

DELETE FROM "COUPON"
WHERE "ID" = 47
/

DELETE FROM "COUPON"
WHERE "ID" = 48
/

DELETE FROM "COUPON"
WHERE "ID" = 49
/

DELETE FROM "COUPON"
WHERE "ID" = 50
/

DELETE FROM "COUPON"
WHERE "ID" = 51
/

DELETE FROM "COUPON"
WHERE "ID" = 52
/

DELETE FROM "PROMOTION"
WHERE "ID" = 7
/

DELETE FROM "PROMOTION"
WHERE "ID" = 11
/

DELETE FROM "PROMOTION"
WHERE "ID" = 1
/

DELETE FROM "PROMOTION"
WHERE "ID" = 2
/

DELETE FROM "PROMOTION"
WHERE "ID" = 3
/

DELETE FROM "PROMOTION"
WHERE "ID" = 5
/

DELETE FROM "PROMOTION"
WHERE "ID" = 25
/

DELETE FROM "PROMOTION"
WHERE "ID" = 26
/

INSERT INTO "__EFMigrationsHistory" ("MigrationId", "ProductVersion")
VALUES (N'20200616105115_SystemHasher', N'2.2.6-servicing-10079')
/

INSERT INTO "__EFMigrationsHistory" ("MigrationId", "ProductVersion")
VALUES (N'20200730100631_AppDBUpdate', N'2.2.6-servicing-10079')
/

INSERT INTO "__EFMigrationsHistory" ("MigrationId", "ProductVersion")
VALUES (N'20200806092211_CR_Update_1', N'2.2.6-servicing-10079')
/

