/* TABLES */

BEGIN 
EXECUTE IMMEDIATE 'CREATE TABLE 
"AccessLog" (
    "Id" NUMBER(19) GENERATED BY DEFAULT ON NULL AS IDENTITY NOT NULL,
    "ApplicationType" NUMBER(10) NOT NULL,
    "Channel" NVARCHAR2(20),
    "Action" NVARCHAR2(80),
    "Username" NVARCHAR2(20),
    "Granted" NUMBER(1) NOT NULL,
    "IssuedDate" TIMESTAMP(7) NOT NULL,
    CONSTRAINT "PK_AccessLog" PRIMARY KEY ("Id")
)';
END;
/

BEGIN 
EXECUTE IMMEDIATE 'CREATE TABLE 
"AwardChannel" (
    "Id" NUMBER(19) GENERATED BY DEFAULT ON NULL AS IDENTITY NOT NULL,
    "Name" NVARCHAR2(20),
    CONSTRAINT "PK_AwardChannel" PRIMARY KEY ("Id")
)';
END;
/

BEGIN 
EXECUTE IMMEDIATE 'CREATE TABLE 
"IssuerChannel" (
    "Id" NUMBER(19) GENERATED BY DEFAULT ON NULL AS IDENTITY NOT NULL,
    "Name" NVARCHAR2(20),
    CONSTRAINT "PK_IssuerChannel" PRIMARY KEY ("Id")
)';
END;
/

BEGIN 
EXECUTE IMMEDIATE 'DROP TABLE 
PROMOTION';
END;
/


BEGIN 
EXECUTE IMMEDIATE 'CREATE TABLE 
PROMOTION (
    Id NUMBER(19) GENERATED BY DEFAULT ON NULL AS IDENTITY NOT NULL,
    Code NVARCHAR2(40) NOT NULL,
    Enabled NUMBER(1) NOT NULL,
    Valid_From TIMESTAMP(7),
    Valid_To TIMESTAMP(7),
    Coupon_Series NUMBER(10) NOT NULL,
    CONSTRAINT PK_Promotion PRIMARY KEY (id)
)
PARTITION BY RANGE(id) INTERVAL(10)
  (PARTITION P1 VALUES LESS THAN(11))';
END;
/

BEGIN 
EXECUTE IMMEDIATE 'CREATE TABLE 
"Property" (
    "Id" NUMBER(19) GENERATED BY DEFAULT ON NULL AS IDENTITY NOT NULL,
    "Name" NVARCHAR2(20),
    CONSTRAINT "PK_Property" PRIMARY KEY ("Id")
)';
END;
/

BEGIN 
EXECUTE IMMEDIATE 'CREATE TABLE 
"System" (
    "Id" NUMBER(19) GENERATED BY DEFAULT ON NULL AS IDENTITY NOT NULL,
    "Name" NVARCHAR2(20),
    "Username" NVARCHAR2(20),
    "Password" NVARCHAR2(20),
    CONSTRAINT "PK_System" PRIMARY KEY ("Id")
)';
END;
/

BEGIN 
EXECUTE IMMEDIATE 'CREATE TABLE 
"User" (
    "Username" NVARCHAR2(20) NOT NULL,
    "Domain" NVARCHAR2(20),
    "Fullname" NVARCHAR2(80),
    "AccessType" NUMBER(10) NOT NULL,
    CONSTRAINT "PK_User" PRIMARY KEY ("Username")
)';
END;
/

BEGIN 
EXECUTE IMMEDIATE 'DROP TABLE 
Coupon';
END;
/


/*BEGIN 
EXECUTE IMMEDIATE '*/

CREATE TABLE COUPON (
    id NUMBER(19) GENERATED BY DEFAULT ON NULL AS IDENTITY NOT NULL,
    Code NVARCHAR2(40),
    Holder NVARCHAR2(20),
    "USER" NVARCHAR2(20),
    Status NUMBER(10) NOT NULL,
    Aquire_From TIMESTAMP(7),
    Aquire_To TIMESTAMP(7),
    Award_From TIMESTAMP(7),
    Award_To TIMESTAMP(7),
    Promotion_Id NUMBER(19) NOT NULL,
    Coupon_Series NUMBER(10) NOT NULL,
    Max_Redeem_No NUMBER(10) NOT NULL,
    Enabled NUMBER(1) NOT NULL,
    CONSTRAINT PK_Coupon PRIMARY KEY (id),
    CONSTRAINT FK_Coupon_Promotion_PromotionId FOREIGN KEY (Promotion_Id) REFERENCES Promotion (Id) ON DELETE CASCADE
)
PARTITION BY REFERENCE(FK_Coupon_Promotion_PromotionId);
/*';
END;
*/

BEGIN f
EXECUTE IMMEDIATE 'CREATE TABLE 
"PromotionAwardChannel" (
    "PromotionId" NUMBER(19) NOT NULL,
    "AwardChannelId" NUMBER(19) NOT NULL,
    CONSTRAINT "PK_PromotionAwardChannel" PRIMARY KEY ("PromotionId", "AwardChannelId"),
    CONSTRAINT "FK_PromotionAwardChannel_AwardChannel_AwardChannelId" FOREIGN KEY ("AwardChannelId") REFERENCES "AwardChannel" ("Id") ON DELETE CASCADE,
    CONSTRAINT "FK_PromotionAwardChannel_Promotion_PromotionId" FOREIGN KEY ("PromotionId") REFERENCES "Promotion" ("Id") ON DELETE CASCADE
)';
END;
/

BEGIN 
EXECUTE IMMEDIATE 'CREATE TABLE 
"PromotionIssuerChannel" (
    "PromotionId" NUMBER(19) NOT NULL,
    "IssuerChannelId" NUMBER(19) NOT NULL,
    CONSTRAINT "PK_PromotionIssuerChannel" PRIMARY KEY ("PromotionId", "IssuerChannelId"),
    CONSTRAINT "FK_PromotionIssuerChannel_IssuerChannel_IssuerChannelId" FOREIGN KEY ("IssuerChannelId") REFERENCES "IssuerChannel" ("Id") ON DELETE CASCADE,
    CONSTRAINT "FK_PromotionIssuerChannel_Promotion_PromotionId" FOREIGN KEY ("PromotionId") REFERENCES "Promotion" ("Id") ON DELETE CASCADE
)';
END;
/

BEGIN 
EXECUTE IMMEDIATE 'CREATE TABLE 
"PromotionProperty" (
    "PromotionId" NUMBER(19) NOT NULL,
    "PropertyId" NUMBER(19) NOT NULL,
    CONSTRAINT "PK_PromotionProperty" PRIMARY KEY ("PromotionId", "PropertyId"),
    CONSTRAINT "FK_PromotionProperty_Promotion_PromotionId" FOREIGN KEY ("PromotionId") REFERENCES "Promotion" ("Id") ON DELETE CASCADE,
    CONSTRAINT "FK_PromotionProperty_Property_PropertyId" FOREIGN KEY ("PropertyId") REFERENCES "Property" ("Id") ON DELETE CASCADE
)';
END;
/

BEGIN 
EXECUTE IMMEDIATE 'CREATE TABLE 
"NotifyList" (
    "ChannelId" NUMBER(19) NOT NULL,
    "SystemId" NUMBER(19) NOT NULL,
    "Url" NVARCHAR2(2000),
    CONSTRAINT "PK_NotifyList" PRIMARY KEY ("SystemId", "ChannelId"),
    CONSTRAINT "FK_NotifyList_IssuerChannel_ChannelId" FOREIGN KEY ("ChannelId") REFERENCES "IssuerChannel" ("Id") ON DELETE CASCADE,
    CONSTRAINT "FK_NotifyList_System_SystemId" FOREIGN KEY ("SystemId") REFERENCES "System" ("Id") ON DELETE CASCADE
)';
END;
/


BEGIN 
EXECUTE IMMEDIATE 'CREATE TABLE 
"CouponAwardChannel" (
    "CouponId" NUMBER(19) NOT NULL,
    "AwardChannelId" NUMBER(19) NOT NULL,
    CONSTRAINT "PK_CouponAwardChannel" PRIMARY KEY ("CouponId", "AwardChannelId"),
    CONSTRAINT "FK_CouponAwardChannel_AwardChannel_AwardChannelId" FOREIGN KEY ("AwardChannelId") REFERENCES "AwardChannel" ("Id") ON DELETE CASCADE,
    CONSTRAINT "FK_CouponAwardChannel_Coupon_CouponId" FOREIGN KEY ("CouponId") REFERENCES "Coupon" ("Id") ON DELETE CASCADE
)';
END;
/

BEGIN 
EXECUTE IMMEDIATE 'DROP TABLE 
Coupon_History';
END;
/

BEGIN 
EXECUTE IMMEDIATE '

CREATE TABLE 
COUPON_HISTORY (
    id NUMBER(19) GENERATED BY DEFAULT ON NULL AS IDENTITY NOT NULL,
    "DATE" TIMESTAMP(7) NOT NULL,
    action NVARCHAR2(2000),
    status NUMBER(10) NOT NULL,
    coupon_id NUMBER(19) NOT NULL,
    "USER" NVARCHAR2(2000),
    CONSTRAINT pk_coupon_history PRIMARY KEY (Id),
    CONSTRAINT pk_coupon_history_coupon_couponId FOREIGN KEY (Coupon_id) REFERENCES Coupon (id) ON DELETE CASCADE
)
PARTITION BY REFERENCE(pk_Coupon_History_Coupon_CouponId)';
END;
/

BEGIN 
EXECUTE IMMEDIATE 'CREATE TABLE 
"CouponIssuerChannel" (
    "CouponId" NUMBER(19) NOT NULL,
    "IssuerChannelId" NUMBER(19) NOT NULL,
    CONSTRAINT "PK_CouponIssuerChannel" PRIMARY KEY ("CouponId", "IssuerChannelId"),
    CONSTRAINT "FK_CouponIssuerChannel_Coupon_CouponId" FOREIGN KEY ("CouponId") REFERENCES "Coupon" ("Id") ON DELETE CASCADE,
    CONSTRAINT "FK_CouponIssuerChannel_IssuerChannel_IssuerChannelId" FOREIGN KEY ("IssuerChannelId") REFERENCES "IssuerChannel" ("Id") ON DELETE CASCADE
)';
END;
/

/* SEED */

BEGIN
INSERT INTO "AccessLog" ("Id", "Action", "ApplicationType", "Channel", "Granted", "IssuedDate", "Username")
VALUES (1, N'Create Promotion', 0, N'POS', 0, TO_DATE('2020-05-06 19:24:41', 'YYYY-MM-DD HH24:MI:SS'), NULL);
INSERT INTO "AccessLog" ("Id", "Action", "ApplicationType", "Channel", "Granted", "IssuedDate", "Username")
VALUES (2, N'Update Coupon', 1, NULL, 0, TO_DATE('2020-05-06 19:24:41', 'YYYY-MM-DD HH24:MI:SS'), N'korisnik');
END;
/

BEGIN
INSERT INTO "AwardChannel" ("Id", "Name")
VALUES (1, N'POS');
INSERT INTO "AwardChannel" ("Id", "Name")
VALUES (3, N'SelfCare');
INSERT INTO "AwardChannel" ("Id", "Name")
VALUES (4, N'Telesales');
INSERT INTO "AwardChannel" ("Id", "Name")
VALUES (5, N'Webshop');
END;
/

BEGIN
INSERT INTO "IssuerChannel" ("Id", "Name")
VALUES (1, N'POS');
INSERT INTO "IssuerChannel" ("Id", "Name")
VALUES (2, N'Salesforce');
INSERT INTO "IssuerChannel" ("Id", "Name")
VALUES (3, N'SelfCare');
INSERT INTO "IssuerChannel" ("Id", "Name")
VALUES (4, N'Telesales');
INSERT INTO "IssuerChannel" ("Id", "Name")
VALUES (5, N'Webshop');
END;
/

 BEGIN
INSERT INTO "Promotion" ("Id", "Code", "CouponSeries", "Enabled", "ValidFrom", "ValidTo")
VALUES (16, N'Spring6', 0, 1, TO_DATE('2020-03-01 00:00:00', 'YYYY-MM-DD HH24:MI:SS'), TO_DATE('2020-05-01 00:00:00', 'YYYY-MM-DD HH24:MI:SS'));
INSERT INTO "Promotion" ("Id", "Code", "CouponSeries", "Enabled", "ValidFrom", "ValidTo")
VALUES (17, N'Easter6', 0, 0, TO_DATE('2020-04-01 00:00:00', 'YYYY-MM-DD HH24:MI:SS'), TO_DATE('2020-05-01 00:00:00', 'YYYY-MM-DD HH24:MI:SS'));
INSERT INTO "Promotion" ("Id", "Code", "CouponSeries", "Enabled", "ValidFrom", "ValidTo")
VALUES (18, N'Summer6', 0, 1, TO_DATE('2020-06-01 00:00:00', 'YYYY-MM-DD HH24:MI:SS'), TO_DATE('2020-09-01 00:00:00', 'YYYY-MM-DD HH24:MI:SS'));
INSERT INTO "Promotion" ("Id", "Code", "CouponSeries", "Enabled", "ValidFrom", "ValidTo")
VALUES (19, N'Spring7', 0, 1, TO_DATE('2020-03-01 00:00:00', 'YYYY-MM-DD HH24:MI:SS'), TO_DATE('2020-05-01 00:00:00', 'YYYY-MM-DD HH24:MI:SS'));
INSERT INTO "Promotion" ("Id", "Code", "CouponSeries", "Enabled", "ValidFrom", "ValidTo")
VALUES (20, N'Easter7', 0, 0, TO_DATE('2020-04-01 00:00:00', 'YYYY-MM-DD HH24:MI:SS'), TO_DATE('2020-05-01 00:00:00', 'YYYY-MM-DD HH24:MI:SS'));
INSERT INTO "Promotion" ("Id", "Code", "CouponSeries", "Enabled", "ValidFrom", "ValidTo")
VALUES (26, N'AllYear', 0, 1, TO_DATE('2020-02-01 00:00:00', 'YYYY-MM-DD HH24:MI:SS'), TO_DATE('2020-08-01 00:00:00', 'YYYY-MM-DD HH24:MI:SS'));
INSERT INTO "Promotion" ("Id", "Code", "CouponSeries", "Enabled", "ValidFrom", "ValidTo")
VALUES (22, N'Spring8', 0, 1, TO_DATE('2020-03-01 00:00:00', 'YYYY-MM-DD HH24:MI:SS'), TO_DATE('2020-05-01 00:00:00', 'YYYY-MM-DD HH24:MI:SS'));
INSERT INTO "Promotion" ("Id", "Code", "CouponSeries", "Enabled", "ValidFrom", "ValidTo")
VALUES (23, N'Easter8', 0, 0, TO_DATE('2020-04-01 00:00:00', 'YYYY-MM-DD HH24:MI:SS'), TO_DATE('2020-05-01 00:00:00', 'YYYY-MM-DD HH24:MI:SS'));
INSERT INTO "Promotion" ("Id", "Code", "CouponSeries", "Enabled", "ValidFrom", "ValidTo")
VALUES (24, N'Summer8', 0, 1, TO_DATE('2020-06-01 00:00:00', 'YYYY-MM-DD HH24:MI:SS'), TO_DATE('2020-09-01 00:00:00', 'YYYY-MM-DD HH24:MI:SS'));
INSERT INTO "Promotion" ("Id", "Code", "CouponSeries", "Enabled", "ValidFrom", "ValidTo")
VALUES (25, N'Bloom', 0, 1, TO_DATE('2020-02-14 00:00:00', 'YYYY-MM-DD HH24:MI:SS'), TO_DATE('2020-03-14 00:00:00', 'YYYY-MM-DD HH24:MI:SS'));
INSERT INTO "Promotion" ("Id", "Code", "CouponSeries", "Enabled", "ValidFrom", "ValidTo")
VALUES (15, N'Summer5', 0, 1, TO_DATE('2020-06-01 00:00:00', 'YYYY-MM-DD HH24:MI:SS'), TO_DATE('2020-09-01 00:00:00', 'YYYY-MM-DD HH24:MI:SS'));
INSERT INTO "Promotion" ("Id", "Code", "CouponSeries", "Enabled", "ValidFrom", "ValidTo")
VALUES (21, N'Summer7', 0, 1, TO_DATE('2020-06-01 00:00:00', 'YYYY-MM-DD HH24:MI:SS'), TO_DATE('2020-09-01 00:00:00', 'YYYY-MM-DD HH24:MI:SS'));
INSERT INTO "Promotion" ("Id", "Code", "CouponSeries", "Enabled", "ValidFrom", "ValidTo")
VALUES (14, N'Easter5', 0, 0, TO_DATE('2020-04-01 00:00:00', 'YYYY-MM-DD HH24:MI:SS'), TO_DATE('2020-05-01 00:00:00', 'YYYY-MM-DD HH24:MI:SS'));
INSERT INTO "Promotion" ("Id", "Code", "CouponSeries", "Enabled", "ValidFrom", "ValidTo")
VALUES (13, N'Spring5', 0, 1, TO_DATE('2020-03-01 00:00:00', 'YYYY-MM-DD HH24:MI:SS'), TO_DATE('2020-05-01 00:00:00', 'YYYY-MM-DD HH24:MI:SS'));
INSERT INTO "Promotion" ("Id", "Code", "CouponSeries", "Enabled", "ValidFrom", "ValidTo")
VALUES (12, N'Summer4', 0, 1, TO_DATE('2020-06-01 00:00:00', 'YYYY-MM-DD HH24:MI:SS'), TO_DATE('2020-09-01 00:00:00', 'YYYY-MM-DD HH24:MI:SS'));
INSERT INTO "Promotion" ("Id", "Code", "CouponSeries", "Enabled", "ValidFrom", "ValidTo")
VALUES (1, N'Spring', 0, 1, TO_DATE('2020-03-20 00:00:00', 'YYYY-MM-DD HH24:MI:SS'), TO_DATE('2020-05-20 00:00:00', 'YYYY-MM-DD HH24:MI:SS'));
INSERT INTO "Promotion" ("Id", "Code", "CouponSeries", "Enabled", "ValidFrom", "ValidTo")
VALUES (3, N'Summer', 0, 1, TO_DATE('2020-05-01 00:00:00', 'YYYY-MM-DD HH24:MI:SS'), TO_DATE('2020-09-01 00:00:00', 'YYYY-MM-DD HH24:MI:SS'));
INSERT INTO "Promotion" ("Id", "Code", "CouponSeries", "Enabled", "ValidFrom", "ValidTo")
VALUES (4, N'SpringDown', 0, 0, TO_DATE('2020-03-01 00:00:00', 'YYYY-MM-DD HH24:MI:SS'), TO_DATE('2020-05-01 00:00:00', 'YYYY-MM-DD HH24:MI:SS'));
INSERT INTO "Promotion" ("Id", "Code", "CouponSeries", "Enabled", "ValidFrom", "ValidTo")
VALUES (5, N'EasterDown', 0, 1, TO_DATE('2020-04-01 00:00:00', 'YYYY-MM-DD HH24:MI:SS'), TO_DATE('2020-04-12 00:00:00', 'YYYY-MM-DD HH24:MI:SS'));
INSERT INTO "Promotion" ("Id", "Code", "CouponSeries", "Enabled", "ValidFrom", "ValidTo")
VALUES (6, N'SummerDown', 0, 0, TO_DATE('2020-06-01 00:00:00', 'YYYY-MM-DD HH24:MI:SS'), TO_DATE('2020-09-01 00:00:00', 'YYYY-MM-DD HH24:MI:SS'));
INSERT INTO "Promotion" ("Id", "Code", "CouponSeries", "Enabled", "ValidFrom", "ValidTo")
VALUES (2, N'Easter', 0, 1, TO_DATE('2020-04-01 00:00:00', 'YYYY-MM-DD HH24:MI:SS'), TO_DATE('2020-06-01 00:00:00', 'YYYY-MM-DD HH24:MI:SS'));
INSERT INTO "Promotion" ("Id", "Code", "CouponSeries", "Enabled", "ValidFrom", "ValidTo")
VALUES (8, N'NOTfunzies', 0, 0, TO_DATE('2020-04-01 00:00:00', 'YYYY-MM-DD HH24:MI:SS'), TO_DATE('2020-06-01 00:00:00', 'YYYY-MM-DD HH24:MI:SS'));
INSERT INTO "Promotion" ("Id", "Code", "CouponSeries", "Enabled", "ValidFrom", "ValidTo")
VALUES (9, N'Summer3', 0, 1, TO_DATE('2020-06-01 00:00:00', 'YYYY-MM-DD HH24:MI:SS'), TO_DATE('2020-09-01 00:00:00', 'YYYY-MM-DD HH24:MI:SS'));
INSERT INTO "Promotion" ("Id", "Code", "CouponSeries", "Enabled", "ValidFrom", "ValidTo")
VALUES (10, N'Spring4', 0, 1, TO_DATE('2020-03-01 00:00:00', 'YYYY-MM-DD HH24:MI:SS'), TO_DATE('2020-05-01 00:00:00', 'YYYY-MM-DD HH24:MI:SS'));
INSERT INTO "Promotion" ("Id", "Code", "CouponSeries", "Enabled", "ValidFrom", "ValidTo")
VALUES (11, N'Easter4', 0, 0, TO_DATE('2020-04-01 00:00:00', 'YYYY-MM-DD HH24:MI:SS'), TO_DATE('2020-05-01 00:00:00', 'YYYY-MM-DD HH24:MI:SS'));
INSERT INTO "Promotion" ("Id", "Code", "CouponSeries", "Enabled", "ValidFrom", "ValidTo")
VALUES (7, N'FUNZIES!', 0, 1, TO_DATE('2020-04-01 00:00:00', 'YYYY-MM-DD HH24:MI:SS'), TO_DATE('2020-06-01 00:00:00', 'YYYY-MM-DD HH24:MI:SS'));
END;
/

BEGIN
INSERT INTO "Property" ("Id", "Name")
VALUES (1, N'UniqueCoupons');
INSERT INTO "Property" ("Id", "Name")
VALUES (2, N'NamedHolders');
INSERT INTO "Property" ("Id", "Name")
VALUES (3, N'NamedConsumers');
INSERT INTO "Property" ("Id", "Name")
VALUES (4, N'HolderIsOnlyConsumer');
INSERT INTO "Property" ("Id", "Name")
VALUES (5, N'AllowMultipleRedeems');
INSERT INTO "Property" ("Id", "Name")
VALUES (6, N'AllowCouponSeries');
END;
/

BEGIN
INSERT INTO "System" ( "Name", "Password", "Username")
VALUES (N'CRM', N'test', N'max');
INSERT INTO "System" ( "Name", "Password", "Username")
VALUES (N'SalesForce', N'test', N'sf');
END;
/

ALTER Table "Promotion"
 MODIFY "Id" NUMBER(19) GENERATED BY DEFAULT ON NULL AS IDENTITY
(START WITH 40 
INCREMENT BY 1 
CACHE 10 )
 NOT NULL;

BEGIN
INSERT INTO "User" ("Username", "AccessType", "Domain", "Fullname")
VALUES (N'ljubo', 1, N'LJUBO-PC', N'Ljubomir Kraljevic');
INSERT INTO "User" ("Username", "AccessType", "Domain", "Fullname")
VALUES (N'traktor', 1, N'LJUBO-PC', N'DJ Fresh Prince');
END;
/

BEGIN
INSERT INTO "Coupon" ("Id", "AquireFrom", "AquireTo", "AwardFrom", "AwardTo", "Code", "CouponSeries", "Enabled", "Holder", "MaxRedeemNo", "PromotionId", "Status", "User")
VALUES (14, TO_DATE('2020-03-20 00:00:00', 'YYYY-MM-DD HH24:MI:SS'), TO_DATE('2020-05-20 00:00:00', 'YYYY-MM-DD HH24:MI:SS'), TO_DATE('2020-03-20 00:00:00', 'YYYY-MM-DD HH24:MI:SS'), TO_DATE('2020-05-20 00:00:00', 'YYYY-MM-DD HH24:MI:SS'), N'SPRING1234567289', 2, 1, N'38640440481', 1, 1, 2, N'38640440481');
INSERT INTO "Coupon" ("Id", "AquireFrom", "AquireTo", "AwardFrom", "AwardTo", "Code", "CouponSeries", "Enabled", "Holder", "MaxRedeemNo", "PromotionId", "Status", "User")
VALUES (26, TO_DATE('2020-05-01 00:00:00', 'YYYY-MM-DD HH24:MI:SS'), TO_DATE('2020-09-01 00:00:00', 'YYYY-MM-DD HH24:MI:SS'), TO_DATE('2020-05-01 00:00:00', 'YYYY-MM-DD HH24:MI:SS'), TO_DATE('2020-09-01 00:00:00', 'YYYY-MM-DD HH24:MI:SS'), N'SUMMER1234657292', 2, 1, N'38640440482', 1, 3, 1, N'38640440482');
INSERT INTO "Coupon" ("Id", "AquireFrom", "AquireTo", "AwardFrom", "AwardTo", "Code", "CouponSeries", "Enabled", "Holder", "MaxRedeemNo", "PromotionId", "Status", "User")
VALUES (27, TO_DATE('2020-05-01 00:00:00', 'YYYY-MM-DD HH24:MI:SS'), TO_DATE('2020-09-01 00:00:00', 'YYYY-MM-DD HH24:MI:SS'), TO_DATE('2020-05-01 00:00:00', 'YYYY-MM-DD HH24:MI:SS'), TO_DATE('2020-09-01 00:00:00', 'YYYY-MM-DD HH24:MI:SS'), N'SUMMER1234657293', 2, 1, N'38640440482', 1, 3, 2, N'38640440482');
INSERT INTO "Coupon" ("Id", "AquireFrom", "AquireTo", "AwardFrom", "AwardTo", "Code", "CouponSeries", "Enabled", "Holder", "MaxRedeemNo", "PromotionId", "Status", "User")
VALUES (28, TO_DATE('2020-05-01 00:00:00', 'YYYY-MM-DD HH24:MI:SS'), TO_DATE('2020-09-01 00:00:00', 'YYYY-MM-DD HH24:MI:SS'), TO_DATE('2020-05-01 00:00:00', 'YYYY-MM-DD HH24:MI:SS'), TO_DATE('2020-09-01 00:00:00', 'YYYY-MM-DD HH24:MI:SS'), N'SUMMER1234657294', 2, 1, N'38640440481', 1, 3, 4, N'38640440481');
INSERT INTO "Coupon" ("Id", "AquireFrom", "AquireTo", "AwardFrom", "AwardTo", "Code", "CouponSeries", "Enabled", "Holder", "MaxRedeemNo", "PromotionId", "Status", "User")
VALUES (51, TO_DATE('2020-05-01 00:00:00', 'YYYY-MM-DD HH24:MI:SS'), TO_DATE('2020-09-01 00:00:00', 'YYYY-MM-DD HH24:MI:SS'), TO_DATE('2020-05-01 00:00:00', 'YYYY-MM-DD HH24:MI:SS'), TO_DATE('2020-09-01 00:00:00', 'YYYY-MM-DD HH24:MI:SS'), N'SUMMER1234657492', 2, 1, N'38640440484', 1, 3, 3, N'38640440484');
INSERT INTO "Coupon" ("Id", "AquireFrom", "AquireTo", "AwardFrom", "AwardTo", "Code", "CouponSeries", "Enabled", "Holder", "MaxRedeemNo", "PromotionId", "Status", "User")
VALUES (8, TO_DATE('2020-04-01 00:00:00', 'YYYY-MM-DD HH24:MI:SS'), TO_DATE('2020-06-01 00:00:00', 'YYYY-MM-DD HH24:MI:SS'), TO_DATE('2020-04-01 00:00:00', 'YYYY-MM-DD HH24:MI:SS'), TO_DATE('2020-06-01 00:00:00', 'YYYY-MM-DD HH24:MI:SS'), N'EDOWN1234567892', 1, 0, N'38640440481', 1, 5, 2, N'38640440481');
INSERT INTO "Coupon" ("Id", "AquireFrom", "AquireTo", "AwardFrom", "AwardTo", "Code", "CouponSeries", "Enabled", "Holder", "MaxRedeemNo", "PromotionId", "Status", "User")
VALUES (9, TO_DATE('2020-04-01 00:00:00', 'YYYY-MM-DD HH24:MI:SS'), TO_DATE('2020-06-01 00:00:00', 'YYYY-MM-DD HH24:MI:SS'), TO_DATE('2020-04-01 00:00:00', 'YYYY-MM-DD HH24:MI:SS'), TO_DATE('2020-06-01 00:00:00', 'YYYY-MM-DD HH24:MI:SS'), N'EDOWN1234567893', 1, 0, N'38640440482', 1, 5, 2, N'38640440482');
INSERT INTO "Coupon" ("Id", "AquireFrom", "AquireTo", "AwardFrom", "AwardTo", "Code", "CouponSeries", "Enabled", "Holder", "MaxRedeemNo", "PromotionId", "Status", "User")
VALUES (10, TO_DATE('2020-04-01 00:00:00', 'YYYY-MM-DD HH24:MI:SS'), TO_DATE('2020-06-01 00:00:00', 'YYYY-MM-DD HH24:MI:SS'), TO_DATE('2020-04-01 00:00:00', 'YYYY-MM-DD HH24:MI:SS'), TO_DATE('2020-06-01 00:00:00', 'YYYY-MM-DD HH24:MI:SS'), N'EDOWN1234567894', 2, 1, N'38640440483', 1, 5, 2, N'38640440483');
INSERT INTO "Coupon" ("Id", "AquireFrom", "AquireTo", "AwardFrom", "AwardTo", "Code", "CouponSeries", "Enabled", "Holder", "MaxRedeemNo", "PromotionId", "Status", "User")
VALUES (11, TO_DATE('2020-04-01 00:00:00', 'YYYY-MM-DD HH24:MI:SS'), TO_DATE('2020-06-01 00:00:00', 'YYYY-MM-DD HH24:MI:SS'), TO_DATE('2020-04-01 00:00:00', 'YYYY-MM-DD HH24:MI:SS'), TO_DATE('2020-06-01 00:00:00', 'YYYY-MM-DD HH24:MI:SS'), N'EDOWN1234567891', 1, 1, NULL, 1, 5, 1, NULL);
INSERT INTO "Coupon" ("Id", "AquireFrom", "AquireTo", "AwardFrom", "AwardTo", "Code", "CouponSeries", "Enabled", "Holder", "MaxRedeemNo", "PromotionId", "Status", "User")
VALUES (12, TO_DATE('2020-04-01 00:00:00', 'YYYY-MM-DD HH24:MI:SS'), TO_DATE('2020-06-01 00:00:00', 'YYYY-MM-DD HH24:MI:SS'), TO_DATE('2020-04-01 00:00:00', 'YYYY-MM-DD HH24:MI:SS'), TO_DATE('2020-06-01 00:00:00', 'YYYY-MM-DD HH24:MI:SS'), N'EDOWN1234567911', 1, 0, NULL, 1, 5, 1, NULL);
INSERT INTO "Coupon" ("Id", "AquireFrom", "AquireTo", "AwardFrom", "AwardTo", "Code", "CouponSeries", "Enabled", "Holder", "MaxRedeemNo", "PromotionId", "Status", "User")
VALUES (13, TO_DATE('2020-04-01 00:00:00', 'YYYY-MM-DD HH24:MI:SS'), TO_DATE('2020-06-01 00:00:00', 'YYYY-MM-DD HH24:MI:SS'), TO_DATE('2020-04-01 00:00:00', 'YYYY-MM-DD HH24:MI:SS'), TO_DATE('2020-06-01 00:00:00', 'YYYY-MM-DD HH24:MI:SS'), N'EDOWN1234567912', 2, 1, NULL, 1, 5, 3, NULL);
INSERT INTO "Coupon" ("Id", "AquireFrom", "AquireTo", "AwardFrom", "AwardTo", "Code", "CouponSeries", "Enabled", "Holder", "MaxRedeemNo", "PromotionId", "Status", "User")
VALUES (17, TO_DATE('2020-02-14 00:00:00', 'YYYY-MM-DD HH24:MI:SS'), TO_DATE('2020-03-14 00:00:00', 'YYYY-MM-DD HH24:MI:SS'), TO_DATE('2020-02-14 00:00:00', 'YYYY-MM-DD HH24:MI:SS'), TO_DATE('2020-03-14 00:00:00', 'YYYY-MM-DD HH24:MI:SS'), N'BLOOM1234567092', 1, 1, N'38640440481', 1, 25, 1, N'38640440481');
INSERT INTO "Coupon" ("Id", "AquireFrom", "AquireTo", "AwardFrom", "AwardTo", "Code", "CouponSeries", "Enabled", "Holder", "MaxRedeemNo", "PromotionId", "Status", "User")
VALUES (18, TO_DATE('2020-02-14 00:00:00', 'YYYY-MM-DD HH24:MI:SS'), TO_DATE('2020-03-14 00:00:00', 'YYYY-MM-DD HH24:MI:SS'), TO_DATE('2020-02-14 00:00:00', 'YYYY-MM-DD HH24:MI:SS'), TO_DATE('2020-03-14 00:00:00', 'YYYY-MM-DD HH24:MI:SS'), N'BLOOM1234567291', 1, 1, N'38640440481', 1, 25, 2, N'38640440481');
INSERT INTO "Coupon" ("Id", "AquireFrom", "AquireTo", "AwardFrom", "AwardTo", "Code", "CouponSeries", "Enabled", "Holder", "MaxRedeemNo", "PromotionId", "Status", "User")
VALUES (19, TO_DATE('2020-02-14 00:00:00', 'YYYY-MM-DD HH24:MI:SS'), TO_DATE('2020-03-14 00:00:00', 'YYYY-MM-DD HH24:MI:SS'), TO_DATE('2020-02-14 00:00:00', 'YYYY-MM-DD HH24:MI:SS'), TO_DATE('2020-03-14 00:00:00', 'YYYY-MM-DD HH24:MI:SS'), N'BLOOM1234567292', 1, 1, N'38640440481', 1, 25, 1, N'38640440481');
INSERT INTO "Coupon" ("Id", "AquireFrom", "AquireTo", "AwardFrom", "AwardTo", "Code", "CouponSeries", "Enabled", "Holder", "MaxRedeemNo", "PromotionId", "Status", "User")
VALUES (20, TO_DATE('2020-02-14 00:00:00', 'YYYY-MM-DD HH24:MI:SS'), TO_DATE('2020-03-14 00:00:00', 'YYYY-MM-DD HH24:MI:SS'), TO_DATE('2020-02-14 00:00:00', 'YYYY-MM-DD HH24:MI:SS'), TO_DATE('2020-03-14 00:00:00', 'YYYY-MM-DD HH24:MI:SS'), N'BLOOM1234567293', 1, 1, N'38640440482', 1, 25, 3, N'38640440482');
INSERT INTO "Coupon" ("Id", "AquireFrom", "AquireTo", "AwardFrom", "AwardTo", "Code", "CouponSeries", "Enabled", "Holder", "MaxRedeemNo", "PromotionId", "Status", "User")
VALUES (21, TO_DATE('2020-02-14 00:00:00', 'YYYY-MM-DD HH24:MI:SS'), TO_DATE('2020-03-14 00:00:00', 'YYYY-MM-DD HH24:MI:SS'), TO_DATE('2020-02-14 00:00:00', 'YYYY-MM-DD HH24:MI:SS'), TO_DATE('2020-03-14 00:00:00', 'YYYY-MM-DD HH24:MI:SS'), N'BLOOM1234567294', 1, 1, N'38640440482', 1, 25, 3, N'38640440482');
INSERT INTO "Coupon" ("Id", "AquireFrom", "AquireTo", "AwardFrom", "AwardTo", "Code", "CouponSeries", "Enabled", "Holder", "MaxRedeemNo", "PromotionId", "Status", "User")
VALUES (49, TO_DATE('2020-02-14 00:00:00', 'YYYY-MM-DD HH24:MI:SS'), TO_DATE('2020-03-14 00:00:00', 'YYYY-MM-DD HH24:MI:SS'), TO_DATE('2020-02-14 00:00:00', 'YYYY-MM-DD HH24:MI:SS'), TO_DATE('2020-03-14 00:00:00', 'YYYY-MM-DD HH24:MI:SS'), N'BLOOM1234567295', 1, 1, N'38640440485', 1, 25, 3, N'38640440485');
INSERT INTO "Coupon" ("Id", "AquireFrom", "AquireTo", "AwardFrom", "AwardTo", "Code", "CouponSeries", "Enabled", "Holder", "MaxRedeemNo", "PromotionId", "Status", "User")
VALUES (50, TO_DATE('2020-02-14 00:00:00', 'YYYY-MM-DD HH24:MI:SS'), TO_DATE('2020-03-14 00:00:00', 'YYYY-MM-DD HH24:MI:SS'), TO_DATE('2020-02-14 00:00:00', 'YYYY-MM-DD HH24:MI:SS'), TO_DATE('2020-03-14 00:00:00', 'YYYY-MM-DD HH24:MI:SS'), N'BLOOM1234567296', 1, 1, N'38640440486', 1, 25, 2, N'38640440486');
INSERT INTO "Coupon" ("Id", "AquireFrom", "AquireTo", "AwardFrom", "AwardTo", "Code", "CouponSeries", "Enabled", "Holder", "MaxRedeemNo", "PromotionId", "Status", "User")
VALUES (31, TO_DATE('2020-02-01 00:00:00', 'YYYY-MM-DD HH24:MI:SS'), TO_DATE('2020-03-01 00:00:00', 'YYYY-MM-DD HH24:MI:SS'), TO_DATE('2020-02-01 00:00:00', 'YYYY-MM-DD HH24:MI:SS'), TO_DATE('2020-03-01 00:00:00', 'YYYY-MM-DD HH24:MI:SS'), N'YEAR12345990', 1, 1, N'38640440481', 1, 26, 1, N'38640440481');
INSERT INTO "Coupon" ("Id", "AquireFrom", "AquireTo", "AwardFrom", "AwardTo", "Code", "CouponSeries", "Enabled", "Holder", "MaxRedeemNo", "PromotionId", "Status", "User")
VALUES (32, TO_DATE('2020-03-01 00:00:00', 'YYYY-MM-DD HH24:MI:SS'), TO_DATE('2020-04-01 00:00:00', 'YYYY-MM-DD HH24:MI:SS'), TO_DATE('2020-03-01 00:00:00', 'YYYY-MM-DD HH24:MI:SS'), TO_DATE('2020-04-01 00:00:00', 'YYYY-MM-DD HH24:MI:SS'), N'YEAR12345991', 1, 1, N'38640440481', 1, 26, 1, N'38640440481');
INSERT INTO "Coupon" ("Id", "AquireFrom", "AquireTo", "AwardFrom", "AwardTo", "Code", "CouponSeries", "Enabled", "Holder", "MaxRedeemNo", "PromotionId", "Status", "User")
VALUES (33, TO_DATE('2020-04-01 00:00:00', 'YYYY-MM-DD HH24:MI:SS'), TO_DATE('2020-05-01 00:00:00', 'YYYY-MM-DD HH24:MI:SS'), TO_DATE('2020-04-01 00:00:00', 'YYYY-MM-DD HH24:MI:SS'), TO_DATE('2020-05-01 00:00:00', 'YYYY-MM-DD HH24:MI:SS'), N'YEAR12345992', 1, 1, N'38640440481', 1, 26, 1, N'38640440481');
INSERT INTO "Coupon" ("Id", "AquireFrom", "AquireTo", "AwardFrom", "AwardTo", "Code", "CouponSeries", "Enabled", "Holder", "MaxRedeemNo", "PromotionId", "Status", "User")
VALUES (34, TO_DATE('2020-05-01 00:00:00', 'YYYY-MM-DD HH24:MI:SS'), TO_DATE('2020-06-01 00:00:00', 'YYYY-MM-DD HH24:MI:SS'), TO_DATE('2020-05-01 00:00:00', 'YYYY-MM-DD HH24:MI:SS'), TO_DATE('2020-06-01 00:00:00', 'YYYY-MM-DD HH24:MI:SS'), N'YEAR12345994', 1, 1, N'38640440481', 1, 26, 1, N'38640440481');
INSERT INTO "Coupon" ("Id", "AquireFrom", "AquireTo", "AwardFrom", "AwardTo", "Code", "CouponSeries", "Enabled", "Holder", "MaxRedeemNo", "PromotionId", "Status", "User")
VALUES (35, TO_DATE('2020-04-01 00:00:00', 'YYYY-MM-DD HH24:MI:SS'), TO_DATE('2020-05-01 00:00:00', 'YYYY-MM-DD HH24:MI:SS'), TO_DATE('2020-04-01 00:00:00', 'YYYY-MM-DD HH24:MI:SS'), TO_DATE('2020-05-01 00:00:00', 'YYYY-MM-DD HH24:MI:SS'), N'YEAR12345092', 1, 1, N'38640440481', 1, 26, 1, N'38640440481');
INSERT INTO "Coupon" ("Id", "AquireFrom", "AquireTo", "AwardFrom", "AwardTo", "Code", "CouponSeries", "Enabled", "Holder", "MaxRedeemNo", "PromotionId", "Status", "User")
VALUES (36, TO_DATE('2020-04-15 00:00:00', 'YYYY-MM-DD HH24:MI:SS'), TO_DATE('2020-05-15 00:00:00', 'YYYY-MM-DD HH24:MI:SS'), TO_DATE('2020-04-15 00:00:00', 'YYYY-MM-DD HH24:MI:SS'), TO_DATE('2020-05-15 00:00:00', 'YYYY-MM-DD HH24:MI:SS'), N'YEAR12345093', 2, 1, N'38640440481', 1, 26, 1, N'38640440481');
INSERT INTO "Coupon" ("Id", "AquireFrom", "AquireTo", "AwardFrom", "AwardTo", "Code", "CouponSeries", "Enabled", "Holder", "MaxRedeemNo", "PromotionId", "Status", "User")
VALUES (37, TO_DATE('2020-04-08 00:00:00', 'YYYY-MM-DD HH24:MI:SS'), TO_DATE('2020-04-18 00:00:00', 'YYYY-MM-DD HH24:MI:SS'), TO_DATE('2020-04-08 00:00:00', 'YYYY-MM-DD HH24:MI:SS'), TO_DATE('2020-04-18 00:00:00', 'YYYY-MM-DD HH24:MI:SS'), N'YEAR12345094', 2, 1, N'38640440481', 1, 26, 1, N'38640440481');
INSERT INTO "Coupon" ("Id", "AquireFrom", "AquireTo", "AwardFrom", "AwardTo", "Code", "CouponSeries", "Enabled", "Holder", "MaxRedeemNo", "PromotionId", "Status", "User")
VALUES (38, TO_DATE('2020-04-18 00:00:00', 'YYYY-MM-DD HH24:MI:SS'), TO_DATE('2020-05-04 00:00:00', 'YYYY-MM-DD HH24:MI:SS'), TO_DATE('2020-04-18 00:00:00', 'YYYY-MM-DD HH24:MI:SS'), TO_DATE('2020-05-04 00:00:00', 'YYYY-MM-DD HH24:MI:SS'), N'YEAR12345095', 2, 1, N'38640440482', 1, 26, 3, N'38640440482');
INSERT INTO "Coupon" ("Id", "AquireFrom", "AquireTo", "AwardFrom", "AwardTo", "Code", "CouponSeries", "Enabled", "Holder", "MaxRedeemNo", "PromotionId", "Status", "User")
VALUES (47, TO_DATE('2020-04-08 00:00:00', 'YYYY-MM-DD HH24:MI:SS'), TO_DATE('2020-04-18 00:00:00', 'YYYY-MM-DD HH24:MI:SS'), TO_DATE('2020-04-08 00:00:00', 'YYYY-MM-DD HH24:MI:SS'), TO_DATE('2020-04-18 00:00:00', 'YYYY-MM-DD HH24:MI:SS'), N'YEAR12345096', 2, 1, N'38640440487', 1, 26, 3, N'38640440487');
INSERT INTO "Coupon" ("Id", "AquireFrom", "AquireTo", "AwardFrom", "AwardTo", "Code", "CouponSeries", "Enabled", "Holder", "MaxRedeemNo", "PromotionId", "Status", "User")
VALUES (48, TO_DATE('2020-04-08 00:00:00', 'YYYY-MM-DD HH24:MI:SS'), TO_DATE('2020-04-18 00:00:00', 'YYYY-MM-DD HH24:MI:SS'), TO_DATE('2020-04-08 00:00:00', 'YYYY-MM-DD HH24:MI:SS'), TO_DATE('2020-04-18 00:00:00', 'YYYY-MM-DD HH24:MI:SS'), N'YEAR12345097', 2, 1, N'38640440487', 1, 26, 2, N'38640440487');
INSERT INTO "Coupon" ("Id", "AquireFrom", "AquireTo", "AwardFrom", "AwardTo", "Code", "CouponSeries", "Enabled", "Holder", "MaxRedeemNo", "PromotionId", "Status", "User")
VALUES (25, TO_DATE('2020-05-01 00:00:00', 'YYYY-MM-DD HH24:MI:SS'), TO_DATE('2020-09-01 00:00:00', 'YYYY-MM-DD HH24:MI:SS'), TO_DATE('2020-05-01 00:00:00', 'YYYY-MM-DD HH24:MI:SS'), TO_DATE('2020-09-01 00:00:00', 'YYYY-MM-DD HH24:MI:SS'), N'SUMMER1234657391', 1, 1, N'38640440481', 1, 3, 1, N'38640440481');
INSERT INTO "Coupon" ("Id", "AquireFrom", "AquireTo", "AwardFrom", "AwardTo", "Code", "CouponSeries", "Enabled", "Holder", "MaxRedeemNo", "PromotionId", "Status", "User")
VALUES (24, TO_DATE('2020-05-01 00:00:00', 'YYYY-MM-DD HH24:MI:SS'), TO_DATE('2020-09-01 00:00:00', 'YYYY-MM-DD HH24:MI:SS'), TO_DATE('2020-05-01 00:00:00', 'YYYY-MM-DD HH24:MI:SS'), TO_DATE('2020-09-01 00:00:00', 'YYYY-MM-DD HH24:MI:SS'), N'SUMMER1234657390', 1, 1, N'38640440482', 1, 3, 1, N'38640440482');
INSERT INTO "Coupon" ("Id", "AquireFrom", "AquireTo", "AwardFrom", "AwardTo", "Code", "CouponSeries", "Enabled", "Holder", "MaxRedeemNo", "PromotionId", "Status", "User")
VALUES (52, TO_DATE('2020-05-01 00:00:00', 'YYYY-MM-DD HH24:MI:SS'), TO_DATE('2020-09-01 00:00:00', 'YYYY-MM-DD HH24:MI:SS'), TO_DATE('2020-05-01 00:00:00', 'YYYY-MM-DD HH24:MI:SS'), TO_DATE('2020-09-01 00:00:00', 'YYYY-MM-DD HH24:MI:SS'), N'SUMMER1234657493', 2, 1, N'38640440485', 1, 3, 2, N'38640440485');
INSERT INTO "Coupon" ("Id", "AquireFrom", "AquireTo", "AwardFrom", "AwardTo", "Code", "CouponSeries", "Enabled", "Holder", "MaxRedeemNo", "PromotionId", "Status", "User")
VALUES (6, TO_DATE('2020-04-01 00:00:00', 'YYYY-MM-DD HH24:MI:SS'), TO_DATE('2020-06-01 00:00:00', 'YYYY-MM-DD HH24:MI:SS'), TO_DATE('2020-04-01 00:00:00', 'YYYY-MM-DD HH24:MI:SS'), TO_DATE('2020-06-01 00:00:00', 'YYYY-MM-DD HH24:MI:SS'), N'EASTER1234567895', 1, 1, NULL, 1, 2, 3, NULL);
INSERT INTO "Coupon" ("Id", "AquireFrom", "AquireTo", "AwardFrom", "AwardTo", "Code", "CouponSeries", "Enabled", "Holder", "MaxRedeemNo", "PromotionId", "Status", "User")
VALUES (2, TO_DATE('2020-04-01 00:00:00', 'YYYY-MM-DD HH24:MI:SS'), TO_DATE('2020-06-01 00:00:00', 'YYYY-MM-DD HH24:MI:SS'), TO_DATE('2020-04-01 00:00:00', 'YYYY-MM-DD HH24:MI:SS'), TO_DATE('2020-06-01 00:00:00', 'YYYY-MM-DD HH24:MI:SS'), N'EASTER1234567892', 1, 1, N'38640440481', 1, 2, 2, N'38640440481');
INSERT INTO "Coupon" ("Id", "AquireFrom", "AquireTo", "AwardFrom", "AwardTo", "Code", "CouponSeries", "Enabled", "Holder", "MaxRedeemNo", "PromotionId", "Status", "User")
VALUES (3, TO_DATE('2020-04-01 00:00:00', 'YYYY-MM-DD HH24:MI:SS'), TO_DATE('2020-06-01 00:00:00', 'YYYY-MM-DD HH24:MI:SS'), TO_DATE('2020-04-01 00:00:00', 'YYYY-MM-DD HH24:MI:SS'), TO_DATE('2020-06-01 00:00:00', 'YYYY-MM-DD HH24:MI:SS'), N'EASTER1234567893', 1, 1, N'38640440482', 1, 2, 2, N'38640440482');
INSERT INTO "Coupon" ("Id", "AquireFrom", "AquireTo", "AwardFrom", "AwardTo", "Code", "CouponSeries", "Enabled", "Holder", "MaxRedeemNo", "PromotionId", "Status", "User")
VALUES (4, TO_DATE('2020-04-01 00:00:00', 'YYYY-MM-DD HH24:MI:SS'), TO_DATE('2020-06-01 00:00:00', 'YYYY-MM-DD HH24:MI:SS'), TO_DATE('2020-04-01 00:00:00', 'YYYY-MM-DD HH24:MI:SS'), TO_DATE('2020-06-01 00:00:00', 'YYYY-MM-DD HH24:MI:SS'), N'EASTER1234567894', 1, 1, N'38640440483', 1, 2, 1, N'38640440483');
INSERT INTO "Coupon" ("Id", "AquireFrom", "AquireTo", "AwardFrom", "AwardTo", "Code", "CouponSeries", "Enabled", "Holder", "MaxRedeemNo", "PromotionId", "Status", "User")
VALUES (5, TO_DATE('2020-04-01 00:00:00', 'YYYY-MM-DD HH24:MI:SS'), TO_DATE('2020-06-01 00:00:00', 'YYYY-MM-DD HH24:MI:SS'), TO_DATE('2020-04-01 00:00:00', 'YYYY-MM-DD HH24:MI:SS'), TO_DATE('2020-06-01 00:00:00', 'YYYY-MM-DD HH24:MI:SS'), N'EASTER1234567891', 1, 1, NULL, 1, 2, 4, NULL);
INSERT INTO "Coupon" ("Id", "AquireFrom", "AquireTo", "AwardFrom", "AwardTo", "Code", "CouponSeries", "Enabled", "Holder", "MaxRedeemNo", "PromotionId", "Status", "User")
VALUES (46, TO_DATE('2020-03-20 00:00:00', 'YYYY-MM-DD HH24:MI:SS'), TO_DATE('2020-05-20 00:00:00', 'YYYY-MM-DD HH24:MI:SS'), TO_DATE('2020-03-20 00:00:00', 'YYYY-MM-DD HH24:MI:SS'), TO_DATE('2020-05-20 00:00:00', 'YYYY-MM-DD HH24:MI:SS'), N'SPRING1234567191', 2, 1, N'38640440481', 1, 1, 2, N'38640440481');
INSERT INTO "Coupon" ("Id", "AquireFrom", "AquireTo", "AwardFrom", "AwardTo", "Code", "CouponSeries", "Enabled", "Holder", "MaxRedeemNo", "PromotionId", "Status", "User")
VALUES (7, TO_DATE('2020-04-01 00:00:00', 'YYYY-MM-DD HH24:MI:SS'), TO_DATE('2020-06-01 00:00:00', 'YYYY-MM-DD HH24:MI:SS'), TO_DATE('2020-04-01 00:00:00', 'YYYY-MM-DD HH24:MI:SS'), TO_DATE('2020-06-01 00:00:00', 'YYYY-MM-DD HH24:MI:SS'), N'EASTER1234567113', 1, 1, NULL, 1, 2, 3, NULL);
INSERT INTO "Coupon" ("Id", "AquireFrom", "AquireTo", "AwardFrom", "AwardTo", "Code", "CouponSeries", "Enabled", "Holder", "MaxRedeemNo", "PromotionId", "Status", "User")
VALUES (29, TO_DATE('2020-04-01 00:00:00', 'YYYY-MM-DD HH24:MI:SS'), TO_DATE('2020-05-01 00:00:00', 'YYYY-MM-DD HH24:MI:SS'), TO_DATE('2020-04-01 00:00:00', 'YYYY-MM-DD HH24:MI:SS'), TO_DATE('2020-05-01 00:00:00', 'YYYY-MM-DD HH24:MI:SS'), N'EASTER1234456294', 1, 1, N'38640440481', 1, 2, 1, N'38640440481');
INSERT INTO "Coupon" ("Id", "AquireFrom", "AquireTo", "AwardFrom", "AwardTo", "Code", "CouponSeries", "Enabled", "Holder", "MaxRedeemNo", "PromotionId", "Status", "User")
VALUES (30, TO_DATE('2020-04-01 00:00:00', 'YYYY-MM-DD HH24:MI:SS'), TO_DATE('2020-05-01 00:00:00', 'YYYY-MM-DD HH24:MI:SS'), TO_DATE('2020-04-01 00:00:00', 'YYYY-MM-DD HH24:MI:SS'), TO_DATE('2020-05-01 00:00:00', 'YYYY-MM-DD HH24:MI:SS'), N'EASTER1234456295', 1, 1, N'38640440482', 1, 2, 1, N'38640440482');
INSERT INTO "Coupon" ("Id", "AquireFrom", "AquireTo", "AwardFrom", "AwardTo", "Code", "CouponSeries", "Enabled", "Holder", "MaxRedeemNo", "PromotionId", "Status", "User")
VALUES (39, TO_DATE('2020-04-01 00:00:00', 'YYYY-MM-DD HH24:MI:SS'), TO_DATE('2020-06-01 00:00:00', 'YYYY-MM-DD HH24:MI:SS'), TO_DATE('2020-04-01 00:00:00', 'YYYY-MM-DD HH24:MI:SS'), TO_DATE('2020-06-01 00:00:00', 'YYYY-MM-DD HH24:MI:SS'), N'EASTER1234567901', 3, 0, N'38591641146', 1, 2, 2, N'38591641146');
INSERT INTO "Coupon" ("Id", "AquireFrom", "AquireTo", "AwardFrom", "AwardTo", "Code", "CouponSeries", "Enabled", "Holder", "MaxRedeemNo", "PromotionId", "Status", "User")
VALUES (40, TO_DATE('2020-04-01 00:00:00', 'YYYY-MM-DD HH24:MI:SS'), TO_DATE('2020-05-01 00:00:00', 'YYYY-MM-DD HH24:MI:SS'), TO_DATE('2020-04-01 00:00:00', 'YYYY-MM-DD HH24:MI:SS'), TO_DATE('2020-05-01 00:00:00', 'YYYY-MM-DD HH24:MI:SS'), N'EASTER1234567902', 3, 1, N'38591641146', 1, 2, 2, N'38591641146');
INSERT INTO "Coupon" ("Id", "AquireFrom", "AquireTo", "AwardFrom", "AwardTo", "Code", "CouponSeries", "Enabled", "Holder", "MaxRedeemNo", "PromotionId", "Status", "User")
VALUES (41, TO_DATE('2020-04-12 00:00:00', 'YYYY-MM-DD HH24:MI:SS'), TO_DATE('2020-05-12 00:00:00', 'YYYY-MM-DD HH24:MI:SS'), TO_DATE('2020-04-12 00:00:00', 'YYYY-MM-DD HH24:MI:SS'), TO_DATE('2020-05-12 00:00:00', 'YYYY-MM-DD HH24:MI:SS'), N'EASTER1234567903', 3, 1, N'38591641146', 1, 2, 1, N'38591641146');
INSERT INTO "Coupon" ("Id", "AquireFrom", "AquireTo", "AwardFrom", "AwardTo", "Code", "CouponSeries", "Enabled", "Holder", "MaxRedeemNo", "PromotionId", "Status", "User")
VALUES (23, TO_DATE('2020-03-20 00:00:00', 'YYYY-MM-DD HH24:MI:SS'), TO_DATE('2020-04-20 00:00:00', 'YYYY-MM-DD HH24:MI:SS'), TO_DATE('2020-03-20 00:00:00', 'YYYY-MM-DD HH24:MI:SS'), TO_DATE('2020-04-20 00:00:00', 'YYYY-MM-DD HH24:MI:SS'), N'SPRING1234657291', 2, 1, N'38640440482', 1, 1, 4, N'38640440482');
INSERT INTO "Coupon" ("Id", "AquireFrom", "AquireTo", "AwardFrom", "AwardTo", "Code", "CouponSeries", "Enabled", "Holder", "MaxRedeemNo", "PromotionId", "Status", "User")
VALUES (45, TO_DATE('2020-03-20 00:00:00', 'YYYY-MM-DD HH24:MI:SS'), TO_DATE('2020-05-20 00:00:00', 'YYYY-MM-DD HH24:MI:SS'), TO_DATE('2020-03-20 00:00:00', 'YYYY-MM-DD HH24:MI:SS'), TO_DATE('2020-05-20 00:00:00', 'YYYY-MM-DD HH24:MI:SS'), N'SPRING1234567190', 2, 1, N'38640440481', 1, 1, 3, N'38640440481');
INSERT INTO "Coupon" ("Id", "AquireFrom", "AquireTo", "AwardFrom", "AwardTo", "Code", "CouponSeries", "Enabled", "Holder", "MaxRedeemNo", "PromotionId", "Status", "User")
VALUES (16, TO_DATE('2020-03-20 00:00:00', 'YYYY-MM-DD HH24:MI:SS'), TO_DATE('2020-05-20 00:00:00', 'YYYY-MM-DD HH24:MI:SS'), TO_DATE('2020-03-20 00:00:00', 'YYYY-MM-DD HH24:MI:SS'), TO_DATE('2020-05-20 00:00:00', 'YYYY-MM-DD HH24:MI:SS'), N'SPRING1234567291', 2, 1, N'38640440481', 1, 1, 4, N'38640440481');
INSERT INTO "Coupon" ("Id", "AquireFrom", "AquireTo", "AwardFrom", "AwardTo", "Code", "CouponSeries", "Enabled", "Holder", "MaxRedeemNo", "PromotionId", "Status", "User")
VALUES (42, TO_DATE('2020-04-01 00:00:00', 'YYYY-MM-DD HH24:MI:SS'), TO_DATE('2020-05-01 00:00:00', 'YYYY-MM-DD HH24:MI:SS'), TO_DATE('2020-04-01 00:00:00', 'YYYY-MM-DD HH24:MI:SS'), TO_DATE('2020-05-01 00:00:00', 'YYYY-MM-DD HH24:MI:SS'), N'EASTER1234567904', 3, 0, N'38591641147', 1, 2, 1, N'38591641147');
INSERT INTO "Coupon" ("Id", "AquireFrom", "AquireTo", "AwardFrom", "AwardTo", "Code", "CouponSeries", "Enabled", "Holder", "MaxRedeemNo", "PromotionId", "Status", "User")
VALUES (43, TO_DATE('2020-04-01 00:00:00', 'YYYY-MM-DD HH24:MI:SS'), TO_DATE('2020-05-01 00:00:00', 'YYYY-MM-DD HH24:MI:SS'), TO_DATE('2020-04-01 00:00:00', 'YYYY-MM-DD HH24:MI:SS'), TO_DATE('2020-05-01 00:00:00', 'YYYY-MM-DD HH24:MI:SS'), N'EASTER1234567905', 3, 1, N'38591641148', 1, 2, 3, N'38591641148');
INSERT INTO "Coupon" ("Id", "AquireFrom", "AquireTo", "AwardFrom", "AwardTo", "Code", "CouponSeries", "Enabled", "Holder", "MaxRedeemNo", "PromotionId", "Status", "User")
VALUES (44, TO_DATE('2020-04-01 00:00:00', 'YYYY-MM-DD HH24:MI:SS'), TO_DATE('2020-05-01 00:00:00', 'YYYY-MM-DD HH24:MI:SS'), TO_DATE('2020-04-01 00:00:00', 'YYYY-MM-DD HH24:MI:SS'), TO_DATE('2020-05-01 00:00:00', 'YYYY-MM-DD HH24:MI:SS'), N'EASTER1234567906', 3, 1, N'38591641148', 1, 2, 2, N'38591641148');
INSERT INTO "Coupon" ("Id", "AquireFrom", "AquireTo", "AwardFrom", "AwardTo", "Code", "CouponSeries", "Enabled", "Holder", "MaxRedeemNo", "PromotionId", "Status", "User")
VALUES (15, TO_DATE('2020-03-20 00:00:00', 'YYYY-MM-DD HH24:MI:SS'), TO_DATE('2020-05-20 00:00:00', 'YYYY-MM-DD HH24:MI:SS'), TO_DATE('2020-03-20 00:00:00', 'YYYY-MM-DD HH24:MI:SS'), TO_DATE('2020-05-20 00:00:00', 'YYYY-MM-DD HH24:MI:SS'), N'SPRING1234567290', 2, 1, N'38640440481', 1, 1, 3, N'38640440481');
INSERT INTO "Coupon" ("Id", "AquireFrom", "AquireTo", "AwardFrom", "AwardTo", "Code", "CouponSeries", "Enabled", "Holder", "MaxRedeemNo", "PromotionId", "Status", "User")
VALUES (22, TO_DATE('2020-03-20 00:00:00', 'YYYY-MM-DD HH24:MI:SS'), TO_DATE('2020-04-20 00:00:00', 'YYYY-MM-DD HH24:MI:SS'), TO_DATE('2020-03-20 00:00:00', 'YYYY-MM-DD HH24:MI:SS'), TO_DATE('2020-04-20 00:00:00', 'YYYY-MM-DD HH24:MI:SS'), N'SPRING1234567093', 2, 1, N'38640440482', 1, 1, 3, N'38640440482');
END;
/

ALTER Table "Coupon"
MODIFY "Id" NUMBER(19) GENERATED BY DEFAULT ON NULL AS IDENTITY
(START WITH 60
INCREMENT BY 1 
CACHE 10 )
 NOT NULL;


BEGIN
INSERT INTO "PromotionAwardChannel" ("PromotionId", "AwardChannelId")
VALUES (1, 3);
INSERT INTO "PromotionAwardChannel" ("PromotionId", "AwardChannelId")
VALUES (3, 3);
INSERT INTO "PromotionAwardChannel" ("PromotionId", "AwardChannelId")
VALUES (3, 4);
INSERT INTO "PromotionAwardChannel" ("PromotionId", "AwardChannelId")
VALUES (3, 1);
INSERT INTO "PromotionAwardChannel" ("PromotionId", "AwardChannelId")
VALUES (11, 1);
INSERT INTO "PromotionAwardChannel" ("PromotionId", "AwardChannelId")
VALUES (1, 1);
INSERT INTO "PromotionAwardChannel" ("PromotionId", "AwardChannelId")
VALUES (2, 3);
INSERT INTO "PromotionAwardChannel" ("PromotionId", "AwardChannelId")
VALUES (2, 4);
INSERT INTO "PromotionAwardChannel" ("PromotionId", "AwardChannelId")
VALUES (2, 5);
INSERT INTO "PromotionAwardChannel" ("PromotionId", "AwardChannelId")
VALUES (1, 5);
END;
/

BEGIN
INSERT INTO "PromotionIssuerChannel" ("PromotionId", "IssuerChannelId")
VALUES (2, 4);
INSERT INTO "PromotionIssuerChannel" ("PromotionId", "IssuerChannelId")
VALUES (1, 2);
INSERT INTO "PromotionIssuerChannel" ("PromotionId", "IssuerChannelId")
VALUES (1, 1);
INSERT INTO "PromotionIssuerChannel" ("PromotionId", "IssuerChannelId")
VALUES (3, 1);
INSERT INTO "PromotionIssuerChannel" ("PromotionId", "IssuerChannelId")
VALUES (3, 4);
INSERT INTO "PromotionIssuerChannel" ("PromotionId", "IssuerChannelId")
VALUES (2, 5);
INSERT INTO "PromotionIssuerChannel" ("PromotionId", "IssuerChannelId")
VALUES (11, 2);
INSERT INTO "PromotionIssuerChannel" ("PromotionId", "IssuerChannelId")
VALUES (2, 1);
INSERT INTO "PromotionIssuerChannel" ("PromotionId", "IssuerChannelId")
VALUES (1, 5);
INSERT INTO "PromotionIssuerChannel" ("PromotionId", "IssuerChannelId")
VALUES (3, 5);
END;
/

BEGIN
INSERT INTO "PromotionProperty" ("PromotionId", "PropertyId")
VALUES (2, 6);
INSERT INTO "PromotionProperty" ("PromotionId", "PropertyId")
VALUES (2, 1);
INSERT INTO "PromotionProperty" ("PromotionId", "PropertyId")
VALUES (11, 1);
INSERT INTO "PromotionProperty" ("PromotionId", "PropertyId")
VALUES (1, 2);
INSERT INTO "PromotionProperty" ("PromotionId", "PropertyId")
VALUES (7, 2);
INSERT INTO "PromotionProperty" ("PromotionId", "PropertyId")
VALUES (1, 4);
INSERT INTO "PromotionProperty" ("PromotionId", "PropertyId")
VALUES (5, 4);
INSERT INTO "PromotionProperty" ("PromotionId", "PropertyId")
VALUES (3, 6);
END;
/

BEGIN
INSERT INTO "CouponAwardChannel" ("CouponId", "AwardChannelId")
VALUES (15, 5);
INSERT INTO "CouponAwardChannel" ("CouponId", "AwardChannelId")
VALUES (48, 4);
INSERT INTO "CouponAwardChannel" ("CouponId", "AwardChannelId")
VALUES (20, 3);
INSERT INTO "CouponAwardChannel" ("CouponId", "AwardChannelId")
VALUES (44, 1);
INSERT INTO "CouponAwardChannel" ("CouponId", "AwardChannelId")
VALUES (43, 1);
INSERT INTO "CouponAwardChannel" ("CouponId", "AwardChannelId")
VALUES (21, 3);
INSERT INTO "CouponAwardChannel" ("CouponId", "AwardChannelId")
VALUES (7, 5);
INSERT INTO "CouponAwardChannel" ("CouponId", "AwardChannelId")
VALUES (49, 5);
INSERT INTO "CouponAwardChannel" ("CouponId", "AwardChannelId")
VALUES (50, 5);
INSERT INTO "CouponAwardChannel" ("CouponId", "AwardChannelId")
VALUES (6, 1);
INSERT INTO "CouponAwardChannel" ("CouponId", "AwardChannelId")
VALUES (38, 1);
INSERT INTO "CouponAwardChannel" ("CouponId", "AwardChannelId")
VALUES (46, 3);
INSERT INTO "CouponAwardChannel" ("CouponId", "AwardChannelId")
VALUES (45, 3);
INSERT INTO "CouponAwardChannel" ("CouponId", "AwardChannelId")
VALUES (47, 4);
INSERT INTO "CouponAwardChannel" ("CouponId", "AwardChannelId")
VALUES (22, 5);
INSERT INTO "CouponAwardChannel" ("CouponId", "AwardChannelId")
VALUES (13, 1);
END;
/

BEGIN
INSERT INTO "CouponIssuerChannel" ("CouponId", "IssuerChannelId")
VALUES (49, 5);
INSERT INTO "CouponIssuerChannel" ("CouponId", "IssuerChannelId")
VALUES (13, 1);
INSERT INTO "CouponIssuerChannel" ("CouponId", "IssuerChannelId")
VALUES (21, 3);
INSERT INTO "CouponIssuerChannel" ("CouponId", "IssuerChannelId")
VALUES (38, 1);
INSERT INTO "CouponIssuerChannel" ("CouponId", "IssuerChannelId")
VALUES (20, 3);
INSERT INTO "CouponIssuerChannel" ("CouponId", "IssuerChannelId")
VALUES (19, 5);
INSERT INTO "CouponIssuerChannel" ("CouponId", "IssuerChannelId")
VALUES (18, 5);
INSERT INTO "CouponIssuerChannel" ("CouponId", "IssuerChannelId")
VALUES (47, 4);
INSERT INTO "CouponIssuerChannel" ("CouponId", "IssuerChannelId")
VALUES (17, 5);
INSERT INTO "CouponIssuerChannel" ("CouponId", "IssuerChannelId")
VALUES (50, 5);
INSERT INTO "CouponIssuerChannel" ("CouponId", "IssuerChannelId")
VALUES (8, 4);
INSERT INTO "CouponIssuerChannel" ("CouponId", "IssuerChannelId")
VALUES (11, 1);
INSERT INTO "CouponIssuerChannel" ("CouponId", "IssuerChannelId")
VALUES (15, 5);
INSERT INTO "CouponIssuerChannel" ("CouponId", "IssuerChannelId")
VALUES (22, 5);
INSERT INTO "CouponIssuerChannel" ("CouponId", "IssuerChannelId")
VALUES (45, 3);
INSERT INTO "CouponIssuerChannel" ("CouponId", "IssuerChannelId")
VALUES (46, 3);
INSERT INTO "CouponIssuerChannel" ("CouponId", "IssuerChannelId")
VALUES (2, 1);
INSERT INTO "CouponIssuerChannel" ("CouponId", "IssuerChannelId")
VALUES (3, 1);
INSERT INTO "CouponIssuerChannel" ("CouponId", "IssuerChannelId")
VALUES (4, 1);
INSERT INTO "CouponIssuerChannel" ("CouponId", "IssuerChannelId")
VALUES (12, 3);
INSERT INTO "CouponIssuerChannel" ("CouponId", "IssuerChannelId")
VALUES (5, 5);
INSERT INTO "CouponIssuerChannel" ("CouponId", "IssuerChannelId")
VALUES (7, 5);
INSERT INTO "CouponIssuerChannel" ("CouponId", "IssuerChannelId")
VALUES (43, 1);
INSERT INTO "CouponIssuerChannel" ("CouponId", "IssuerChannelId")
VALUES (44, 1);
INSERT INTO "CouponIssuerChannel" ("CouponId", "IssuerChannelId")
VALUES (51, 2);
INSERT INTO "CouponIssuerChannel" ("CouponId", "IssuerChannelId")
VALUES (52, 2);
INSERT INTO "CouponIssuerChannel" ("CouponId", "IssuerChannelId")
VALUES (9, 5);
INSERT INTO "CouponIssuerChannel" ("CouponId", "IssuerChannelId")
VALUES (10, 2);
INSERT INTO "CouponIssuerChannel" ("CouponId", "IssuerChannelId")
VALUES (6, 1);
INSERT INTO "CouponIssuerChannel" ("CouponId", "IssuerChannelId")
VALUES (48, 4);
END;
/

CREATE UNIQUE INDEX "IX_Coupon_Code" ON "Coupon" ("Code")
GLOBAL
/

CREATE INDEX "IX_Coupon_PromotionId" ON "Coupon" ("PromotionId")
/

CREATE INDEX "IX_CouponAwardChannel_AwardChannelId" ON "CouponAwardChannel" ("AwardChannelId")
/

CREATE INDEX "IX_CouponHistory_CouponId" ON "CouponHistory" ("CouponId")
/

CREATE INDEX "IX_CouponIssuerChannel_IssuerChannelId" ON "CouponIssuerChannel" ("IssuerChannelId")
/

CREATE INDEX "IX_NotifyList_ChannelId" ON "NotifyList" ("ChannelId")
/

CREATE UNIQUE INDEX "IX_Promotion_Code" ON "Promotion" ("Code")
GLOBAL
/

CREATE INDEX "IX_PromotionAwardChannel_AwardChannelId" ON "PromotionAwardChannel" ("AwardChannelId")
/

CREATE INDEX "IX_PromotionIssuerChannel_IssuerChannelId" ON "PromotionIssuerChannel" ("IssuerChannelId")
/
_
CREATE INDEX "IX_PromotionProperty_PropertyId" ON "PromotionProperty" ("PropertyId")
/


/* GRANTS */
BEGIN
  FOR a IN (SELECT lower(TABLE_NAME) table_name FROM ALL_TABLES WHERE OWNER = 'APL_KUPON_MGMT')
  LOOP
    EXECUTE IMMEDIATE 'GRANT SELECT, INSERT, UPDATE ON ' || a.table_name || ' TO KUPON_MGMT_FULL';
    EXECUTE IMMEDIATE 'GRANT SELECT ON ' || a.table_name || ' TO KUPON_MGMT_READ';
  END LOOP;
  EXECUTE IMMEDIATE 'GRANT DELETE ON system TO KUPON_MGMT_FULL';
  EXECUTE IMMEDIATE 'GRANT DELETE ON notify_list TO KUPON_MGMT_FULL';
  EXECUTE IMMEDIATE 'GRANT DELETE ON promotion_property TO KUPON_MGMT_FULL';
  EXECUTE IMMEDIATE 'GRANT DELETE ON promotion_issuer_channel TO KUPON_MGMT_FULL';
  EXECUTE IMMEDIATE 'GRANT DELETE ON promotion_award_channel TO KUPON_MGMT_FULL';
END;
/

/* DONE */
