BEGIN

BEGIN
INSERT INTO "SYSTEM" ("ID", "NAME", "PASSWORD", "USERNAME")
VALUES (1, 'CRM', 'test', 'max');
INSERT INTO "SYSTEM" ("ID", "NAME", "PASSWORD", "USERNAME")
VALUES (2, 'SalesForce', 'test', 'sf');
END;
/

BEGIN
INSERT INTO "PROMOTION" ("ID", "CODE", "COUPON_SERIES", "ENABLED", "VALID_FROM", "VALID_TO")
VALUES (16, 'Spring6', 0, 1, TO_DATE('2020-03-01 00:00:00', 'YYYY-MM-DD HH24:MI:SS'), TO_DATE('2020-05-01 00:00:00', 'YYYY-MM-DD HH24:MI:SS'));
INSERT INTO "PROMOTION" ("ID", "CODE", "COUPON_SERIES", "ENABLED", "VALID_FROM", "VALID_TO")
VALUES (17, 'Easter6', 0, 0, TO_DATE('2020-04-01 00:00:00', 'YYYY-MM-DD HH24:MI:SS'), TO_DATE('2020-05-01 00:00:00', 'YYYY-MM-DD HH24:MI:SS'));
INSERT INTO "PROMOTION" ("ID", "CODE", "COUPON_SERIES", "ENABLED", "VALID_FROM", "VALID_TO")
VALUES (18, 'Summer6', 0, 1, TO_DATE('2020-06-01 00:00:00', 'YYYY-MM-DD HH24:MI:SS'), TO_DATE('2020-09-01 00:00:00', 'YYYY-MM-DD HH24:MI:SS'));
INSERT INTO "PROMOTION" ("ID", "CODE", "COUPON_SERIES", "ENABLED", "VALID_FROM", "VALID_TO")
VALUES (19, 'Spring7', 0, 1, TO_DATE('2020-03-01 00:00:00', 'YYYY-MM-DD HH24:MI:SS'), TO_DATE('2020-05-01 00:00:00', 'YYYY-MM-DD HH24:MI:SS'));
INSERT INTO "PROMOTION" ("ID", "CODE", "COUPON_SERIES", "ENABLED", "VALID_FROM", "VALID_TO")
VALUES (22, 'Spring8', 0, 1, TO_DATE('2020-03-01 00:00:00', 'YYYY-MM-DD HH24:MI:SS'), TO_DATE('2020-05-01 00:00:00', 'YYYY-MM-DD HH24:MI:SS'));
INSERT INTO "PROMOTION" ("ID", "CODE", "COUPON_SERIES", "ENABLED", "VALID_FROM", "VALID_TO")
VALUES (21, 'Summer7', 0, 1, TO_DATE('2020-06-01 00:00:00', 'YYYY-MM-DD HH24:MI:SS'), TO_DATE('2020-09-01 00:00:00', 'YYYY-MM-DD HH24:MI:SS'));
INSERT INTO "PROMOTION" ("ID", "CODE", "COUPON_SERIES", "ENABLED", "VALID_FROM", "VALID_TO")
VALUES (23, 'Easter8', 0, 0, TO_DATE('2020-04-01 00:00:00', 'YYYY-MM-DD HH24:MI:SS'), TO_DATE('2020-05-01 00:00:00', 'YYYY-MM-DD HH24:MI:SS'));
INSERT INTO "PROMOTION" ("ID", "CODE", "COUPON_SERIES", "ENABLED", "VALID_FROM", "VALID_TO")
VALUES (25, 'Bloom', 0, 1, TO_DATE('2020-02-14 00:00:00', 'YYYY-MM-DD HH24:MI:SS'), TO_DATE('2020-03-14 00:00:00', 'YYYY-MM-DD HH24:MI:SS'));
INSERT INTO "PROMOTION" ("ID", "CODE", "COUPON_SERIES", "ENABLED", "VALID_FROM", "VALID_TO")
VALUES (26, 'AllYear', 0, 1, TO_DATE('2020-02-01 00:00:00', 'YYYY-MM-DD HH24:MI:SS'), TO_DATE('2020-08-01 00:00:00', 'YYYY-MM-DD HH24:MI:SS'));
INSERT INTO "PROMOTION" ("ID", "CODE", "COUPON_SERIES", "ENABLED", "VALID_FROM", "VALID_TO")
VALUES (20, 'Easter7', 0, 0, TO_DATE('2020-04-01 00:00:00', 'YYYY-MM-DD HH24:MI:SS'), TO_DATE('2020-05-01 00:00:00', 'YYYY-MM-DD HH24:MI:SS'));
INSERT INTO "PROMOTION" ("ID", "CODE", "COUPON_SERIES", "ENABLED", "VALID_FROM", "VALID_TO")
VALUES (24, 'Summer8', 0, 1, TO_DATE('2020-06-01 00:00:00', 'YYYY-MM-DD HH24:MI:SS'), TO_DATE('2020-09-01 00:00:00', 'YYYY-MM-DD HH24:MI:SS'));
INSERT INTO "PROMOTION" ("ID", "CODE", "COUPON_SERIES", "ENABLED", "VALID_FROM", "VALID_TO")
VALUES (15, 'Summer5', 0, 1, TO_DATE('2020-06-01 00:00:00', 'YYYY-MM-DD HH24:MI:SS'), TO_DATE('2020-09-01 00:00:00', 'YYYY-MM-DD HH24:MI:SS'));
INSERT INTO "PROMOTION" ("ID", "CODE", "COUPON_SERIES", "ENABLED", "VALID_FROM", "VALID_TO")
VALUES (12, 'Summer4', 0, 1, TO_DATE('2020-06-01 00:00:00', 'YYYY-MM-DD HH24:MI:SS'), TO_DATE('2020-09-01 00:00:00', 'YYYY-MM-DD HH24:MI:SS'));
INSERT INTO "PROMOTION" ("ID", "CODE", "COUPON_SERIES", "ENABLED", "VALID_FROM", "VALID_TO")
VALUES (1, 'Spring', 0, 1, TO_DATE('2020-03-20 00:00:00', 'YYYY-MM-DD HH24:MI:SS'), TO_DATE('2020-05-20 00:00:00', 'YYYY-MM-DD HH24:MI:SS'));
INSERT INTO "PROMOTION" ("ID", "CODE", "COUPON_SERIES", "ENABLED", "VALID_FROM", "VALID_TO")
VALUES (14, 'Easter5', 0, 0, TO_DATE('2020-04-01 00:00:00', 'YYYY-MM-DD HH24:MI:SS'), TO_DATE('2020-05-01 00:00:00', 'YYYY-MM-DD HH24:MI:SS'));
INSERT INTO "PROMOTION" ("ID", "CODE", "COUPON_SERIES", "ENABLED", "VALID_FROM", "VALID_TO")
VALUES (3, 'Summer', 0, 1, TO_DATE('2020-05-01 00:00:00', 'YYYY-MM-DD HH24:MI:SS'), TO_DATE('2020-09-01 00:00:00', 'YYYY-MM-DD HH24:MI:SS'));
INSERT INTO "PROMOTION" ("ID", "CODE", "COUPON_SERIES", "ENABLED", "VALID_FROM", "VALID_TO")
VALUES (4, 'SpringDow', 0, 0, TO_DATE('2020-03-01 00:00:00', 'YYYY-MM-DD HH24:MI:SS'), TO_DATE('2020-05-01 00:00:00', 'YYYY-MM-DD HH24:MI:SS'));
INSERT INTO "PROMOTION" ("ID", "CODE", "COUPON_SERIES", "ENABLED", "VALID_FROM", "VALID_TO")
VALUES (5, 'EasterDow', 0, 1, TO_DATE('2020-04-01 00:00:00', 'YYYY-MM-DD HH24:MI:SS'), TO_DATE('2020-04-12 00:00:00', 'YYYY-MM-DD HH24:MI:SS'));
INSERT INTO "PROMOTION" ("ID", "CODE", "COUPON_SERIES", "ENABLED", "VALID_FROM", "VALID_TO")
VALUES (2, 'Easter', 0, 1, TO_DATE('2020-04-01 00:00:00', 'YYYY-MM-DD HH24:MI:SS'), TO_DATE('2020-06-01 00:00:00', 'YYYY-MM-DD HH24:MI:SS'));
INSERT INTO "PROMOTION" ("ID", "CODE", "COUPON_SERIES", "ENABLED", "VALID_FROM", "VALID_TO")
VALUES (7, 'FUNZIES!', 0, 1, TO_DATE('2020-04-01 00:00:00', 'YYYY-MM-DD HH24:MI:SS'), TO_DATE('2020-06-01 00:00:00', 'YYYY-MM-DD HH24:MI:SS'));
INSERT INTO "PROMOTION" ("ID", "CODE", "COUPON_SERIES", "ENABLED", "VALID_FROM", "VALID_TO")
VALUES (8, 'NOTfunzies', 0, 0, TO_DATE('2020-04-01 00:00:00', 'YYYY-MM-DD HH24:MI:SS'), TO_DATE('2020-06-01 00:00:00', 'YYYY-MM-DD HH24:MI:SS'));
INSERT INTO "PROMOTION" ("ID", "CODE", "COUPON_SERIES", "ENABLED", "VALID_FROM", "VALID_TO")
VALUES (9, 'Summer3', 0, 1, TO_DATE('2020-06-01 00:00:00', 'YYYY-MM-DD HH24:MI:SS'), TO_DATE('2020-09-01 00:00:00', 'YYYY-MM-DD HH24:MI:SS'));
INSERT INTO "PROMOTION" ("ID", "CODE", "COUPON_SERIES", "ENABLED", "VALID_FROM", "VALID_TO")
VALUES (10, 'Spring4', 0, 1, TO_DATE('2020-03-01 00:00:00', 'YYYY-MM-DD HH24:MI:SS'), TO_DATE('2020-05-01 00:00:00', 'YYYY-MM-DD HH24:MI:SS'));
INSERT INTO "PROMOTION" ("ID", "CODE", "COUPON_SERIES", "ENABLED", "VALID_FROM", "VALID_TO")
VALUES (11, 'Easter4', 0, 0, TO_DATE('2020-04-01 00:00:00', 'YYYY-MM-DD HH24:MI:SS'), TO_DATE('2020-05-01 00:00:00', 'YYYY-MM-DD HH24:MI:SS'));
INSERT INTO "PROMOTION" ("ID", "CODE", "COUPON_SERIES", "ENABLED", "VALID_FROM", "VALID_TO")
VALUES (6, 'SummerDow', 0, 0, TO_DATE('2020-06-01 00:00:00', 'YYYY-MM-DD HH24:MI:SS'), TO_DATE('2020-09-01 00:00:00', 'YYYY-MM-DD HH24:MI:SS'));
INSERT INTO "PROMOTION" ("ID", "CODE", "COUPON_SERIES", "ENABLED", "VALID_FROM", "VALID_TO")
VALUES (13, 'Spring5', 0, 1, TO_DATE('2020-03-01 00:00:00', 'YYYY-MM-DD HH24:MI:SS'), TO_DATE('2020-05-01 00:00:00', 'YYYY-MM-DD HH24:MI:SS'));
END;
/

BEGIN
INSERT INTO "COUPON" ("ID", "AQUIRE_FROM", "AQUIRE_TO", "AWARD_FROM", "AWARD_TO", "CODE", "COUPON_SERIES", "ENABLED", "HOLDER", "MAX_REDEEM_NO", "PROMOTION_ID", "STATUS", "USER")
VALUES (14, TO_DATE('2020-03-20 00:00:00', 'YYYY-MM-DD HH24:MI:SS'), TO_DATE('2020-05-20 00:00:00', 'YYYY-MM-DD HH24:MI:SS'), TO_DATE('2020-03-20 00:00:00', 'YYYY-MM-DD HH24:MI:SS'), TO_DATE('2020-05-20 00:00:00', 'YYYY-MM-DD HH24:MI:SS'), 'SPRING1234567289', 2, 1, '38640440481', 1, 1, 2, '38640440481');
INSERT INTO "COUPON" ("ID", "AQUIRE_FROM", "AQUIRE_TO", "AWARD_FROM", "AWARD_TO", "CODE", "COUPON_SERIES", "ENABLED", "HOLDER", "MAX_REDEEM_NO", "PROMOTION_ID", "STATUS", "USER")
VALUES (26, TO_DATE('2020-05-01 00:00:00', 'YYYY-MM-DD HH24:MI:SS'), TO_DATE('2020-09-01 00:00:00', 'YYYY-MM-DD HH24:MI:SS'), TO_DATE('2020-05-01 00:00:00', 'YYYY-MM-DD HH24:MI:SS'), TO_DATE('2020-09-01 00:00:00', 'YYYY-MM-DD HH24:MI:SS'), 'SUMMER1234657292', 2, 1, '38640440482', 1, 3, 1, '38640440482');
INSERT INTO "COUPON" ("ID", "AQUIRE_FROM", "AQUIRE_TO", "AWARD_FROM", "AWARD_TO", "CODE", "COUPON_SERIES", "ENABLED", "HOLDER", "MAX_REDEEM_NO", "PROMOTION_ID", "STATUS", "USER")
VALUES (27, TO_DATE('2020-05-01 00:00:00', 'YYYY-MM-DD HH24:MI:SS'), TO_DATE('2020-09-01 00:00:00', 'YYYY-MM-DD HH24:MI:SS'), TO_DATE('2020-05-01 00:00:00', 'YYYY-MM-DD HH24:MI:SS'), TO_DATE('2020-09-01 00:00:00', 'YYYY-MM-DD HH24:MI:SS'), 'SUMMER1234657293', 2, 1, '38640440482', 1, 3, 2, '38640440482');
INSERT INTO "COUPON" ("ID", "AQUIRE_FROM", "AQUIRE_TO", "AWARD_FROM", "AWARD_TO", "CODE", "COUPON_SERIES", "ENABLED", "HOLDER", "MAX_REDEEM_NO", "PROMOTION_ID", "STATUS", "USER")
VALUES (28, TO_DATE('2020-05-01 00:00:00', 'YYYY-MM-DD HH24:MI:SS'), TO_DATE('2020-09-01 00:00:00', 'YYYY-MM-DD HH24:MI:SS'), TO_DATE('2020-05-01 00:00:00', 'YYYY-MM-DD HH24:MI:SS'), TO_DATE('2020-09-01 00:00:00', 'YYYY-MM-DD HH24:MI:SS'), 'SUMMER1234657294', 2, 1, '38640440481', 1, 3, 4, '38640440481');
INSERT INTO "COUPON" ("ID", "AQUIRE_FROM", "AQUIRE_TO", "AWARD_FROM", "AWARD_TO", "CODE", "COUPON_SERIES", "ENABLED", "HOLDER", "MAX_REDEEM_NO", "PROMOTION_ID", "STATUS", "USER")
VALUES (51, TO_DATE('2020-05-01 00:00:00', 'YYYY-MM-DD HH24:MI:SS'), TO_DATE('2020-09-01 00:00:00', 'YYYY-MM-DD HH24:MI:SS'), TO_DATE('2020-05-01 00:00:00', 'YYYY-MM-DD HH24:MI:SS'), TO_DATE('2020-09-01 00:00:00', 'YYYY-MM-DD HH24:MI:SS'), 'SUMMER1234657492', 2, 1, '38640440484', 1, 3, 3, '38640440484');
INSERT INTO "COUPON" ("ID", "AQUIRE_FROM", "AQUIRE_TO", "AWARD_FROM", "AWARD_TO", "CODE", "COUPON_SERIES", "ENABLED", "HOLDER", "MAX_REDEEM_NO", "PROMOTION_ID", "STATUS", "USER")
VALUES (8, TO_DATE('2020-04-01 00:00:00', 'YYYY-MM-DD HH24:MI:SS'), TO_DATE('2020-06-01 00:00:00', 'YYYY-MM-DD HH24:MI:SS'), TO_DATE('2020-04-01 00:00:00', 'YYYY-MM-DD HH24:MI:SS'), TO_DATE('2020-06-01 00:00:00', 'YYYY-MM-DD HH24:MI:SS'), 'EDOWN1234567892', 1, 0, '38640440481', 1, 5, 2, '38640440481');
INSERT INTO "COUPON" ("ID", "AQUIRE_FROM", "AQUIRE_TO", "AWARD_FROM", "AWARD_TO", "CODE", "COUPON_SERIES", "ENABLED", "HOLDER", "MAX_REDEEM_NO", "PROMOTION_ID", "STATUS", "USER")
VALUES (9, TO_DATE('2020-04-01 00:00:00', 'YYYY-MM-DD HH24:MI:SS'), TO_DATE('2020-06-01 00:00:00', 'YYYY-MM-DD HH24:MI:SS'), TO_DATE('2020-04-01 00:00:00', 'YYYY-MM-DD HH24:MI:SS'), TO_DATE('2020-06-01 00:00:00', 'YYYY-MM-DD HH24:MI:SS'), 'EDOWN1234567893', 1, 0, '38640440482', 1, 5, 2, '38640440482');
INSERT INTO "COUPON" ("ID", "AQUIRE_FROM", "AQUIRE_TO", "AWARD_FROM", "AWARD_TO", "CODE", "COUPON_SERIES", "ENABLED", "HOLDER", "MAX_REDEEM_NO", "PROMOTION_ID", "STATUS", "USER")
VALUES (10, TO_DATE('2020-04-01 00:00:00', 'YYYY-MM-DD HH24:MI:SS'), TO_DATE('2020-06-01 00:00:00', 'YYYY-MM-DD HH24:MI:SS'), TO_DATE('2020-04-01 00:00:00', 'YYYY-MM-DD HH24:MI:SS'), TO_DATE('2020-06-01 00:00:00', 'YYYY-MM-DD HH24:MI:SS'), 'EDOWN1234567894', 2, 1, '38640440483', 1, 5, 2, '38640440483');
INSERT INTO "COUPON" ("ID", "AQUIRE_FROM", "AQUIRE_TO", "AWARD_FROM", "AWARD_TO", "CODE", "COUPON_SERIES", "ENABLED", "HOLDER", "MAX_REDEEM_NO", "PROMOTION_ID", "STATUS", "USER")
VALUES (11, TO_DATE('2020-04-01 00:00:00', 'YYYY-MM-DD HH24:MI:SS'), TO_DATE('2020-06-01 00:00:00', 'YYYY-MM-DD HH24:MI:SS'), TO_DATE('2020-04-01 00:00:00', 'YYYY-MM-DD HH24:MI:SS'), TO_DATE('2020-06-01 00:00:00', 'YYYY-MM-DD HH24:MI:SS'), 'EDOWN1234567891', 1, 1, NULL, 1, 5, 1, NULL);
INSERT INTO "COUPON" ("ID", "AQUIRE_FROM", "AQUIRE_TO", "AWARD_FROM", "AWARD_TO", "CODE", "COUPON_SERIES", "ENABLED", "HOLDER", "MAX_REDEEM_NO", "PROMOTION_ID", "STATUS", "USER")
VALUES (12, TO_DATE('2020-04-01 00:00:00', 'YYYY-MM-DD HH24:MI:SS'), TO_DATE('2020-06-01 00:00:00', 'YYYY-MM-DD HH24:MI:SS'), TO_DATE('2020-04-01 00:00:00', 'YYYY-MM-DD HH24:MI:SS'), TO_DATE('2020-06-01 00:00:00', 'YYYY-MM-DD HH24:MI:SS'), 'EDOWN1234567911', 1, 0, NULL, 1, 5, 1, NULL);
INSERT INTO "COUPON" ("ID", "AQUIRE_FROM", "AQUIRE_TO", "AWARD_FROM", "AWARD_TO", "CODE", "COUPON_SERIES", "ENABLED", "HOLDER", "MAX_REDEEM_NO", "PROMOTION_ID", "STATUS", "USER")
VALUES (13, TO_DATE('2020-04-01 00:00:00', 'YYYY-MM-DD HH24:MI:SS'), TO_DATE('2020-06-01 00:00:00', 'YYYY-MM-DD HH24:MI:SS'), TO_DATE('2020-04-01 00:00:00', 'YYYY-MM-DD HH24:MI:SS'), TO_DATE('2020-06-01 00:00:00', 'YYYY-MM-DD HH24:MI:SS'), 'EDOWN1234567912', 2, 1, NULL, 1, 5, 3, NULL);
INSERT INTO "COUPON" ("ID", "AQUIRE_FROM", "AQUIRE_TO", "AWARD_FROM", "AWARD_TO", "CODE", "COUPON_SERIES", "ENABLED", "HOLDER", "MAX_REDEEM_NO", "PROMOTION_ID", "STATUS", "USER")
VALUES (17, TO_DATE('2020-02-14 00:00:00', 'YYYY-MM-DD HH24:MI:SS'), TO_DATE('2020-03-14 00:00:00', 'YYYY-MM-DD HH24:MI:SS'), TO_DATE('2020-02-14 00:00:00', 'YYYY-MM-DD HH24:MI:SS'), TO_DATE('2020-03-14 00:00:00', 'YYYY-MM-DD HH24:MI:SS'), 'BLOOM1234567092', 1, 1, '38640440481', 1, 25, 1, '38640440481');
INSERT INTO "COUPON" ("ID", "AQUIRE_FROM", "AQUIRE_TO", "AWARD_FROM", "AWARD_TO", "CODE", "COUPON_SERIES", "ENABLED", "HOLDER", "MAX_REDEEM_NO", "PROMOTION_ID", "STATUS", "USER")
VALUES (18, TO_DATE('2020-02-14 00:00:00', 'YYYY-MM-DD HH24:MI:SS'), TO_DATE('2020-03-14 00:00:00', 'YYYY-MM-DD HH24:MI:SS'), TO_DATE('2020-02-14 00:00:00', 'YYYY-MM-DD HH24:MI:SS'), TO_DATE('2020-03-14 00:00:00', 'YYYY-MM-DD HH24:MI:SS'), 'BLOOM1234567291', 1, 1, '38640440481', 1, 25, 2, '38640440481');
INSERT INTO "COUPON" ("ID", "AQUIRE_FROM", "AQUIRE_TO", "AWARD_FROM", "AWARD_TO", "CODE", "COUPON_SERIES", "ENABLED", "HOLDER", "MAX_REDEEM_NO", "PROMOTION_ID", "STATUS", "USER")
VALUES (19, TO_DATE('2020-02-14 00:00:00', 'YYYY-MM-DD HH24:MI:SS'), TO_DATE('2020-03-14 00:00:00', 'YYYY-MM-DD HH24:MI:SS'), TO_DATE('2020-02-14 00:00:00', 'YYYY-MM-DD HH24:MI:SS'), TO_DATE('2020-03-14 00:00:00', 'YYYY-MM-DD HH24:MI:SS'), 'BLOOM1234567292', 1, 1, '38640440481', 1, 25, 1, '38640440481');
INSERT INTO "COUPON" ("ID", "AQUIRE_FROM", "AQUIRE_TO", "AWARD_FROM", "AWARD_TO", "CODE", "COUPON_SERIES", "ENABLED", "HOLDER", "MAX_REDEEM_NO", "PROMOTION_ID", "STATUS", "USER")
VALUES (20, TO_DATE('2020-02-14 00:00:00', 'YYYY-MM-DD HH24:MI:SS'), TO_DATE('2020-03-14 00:00:00', 'YYYY-MM-DD HH24:MI:SS'), TO_DATE('2020-02-14 00:00:00', 'YYYY-MM-DD HH24:MI:SS'), TO_DATE('2020-03-14 00:00:00', 'YYYY-MM-DD HH24:MI:SS'), 'BLOOM1234567293', 1, 1, '38640440482', 1, 25, 3, '38640440482');
INSERT INTO "COUPON" ("ID", "AQUIRE_FROM", "AQUIRE_TO", "AWARD_FROM", "AWARD_TO", "CODE", "COUPON_SERIES", "ENABLED", "HOLDER", "MAX_REDEEM_NO", "PROMOTION_ID", "STATUS", "USER")
VALUES (21, TO_DATE('2020-02-14 00:00:00', 'YYYY-MM-DD HH24:MI:SS'), TO_DATE('2020-03-14 00:00:00', 'YYYY-MM-DD HH24:MI:SS'), TO_DATE('2020-02-14 00:00:00', 'YYYY-MM-DD HH24:MI:SS'), TO_DATE('2020-03-14 00:00:00', 'YYYY-MM-DD HH24:MI:SS'), 'BLOOM1234567294', 1, 1, '38640440482', 1, 25, 3, '38640440482');
INSERT INTO "COUPON" ("ID", "AQUIRE_FROM", "AQUIRE_TO", "AWARD_FROM", "AWARD_TO", "CODE", "COUPON_SERIES", "ENABLED", "HOLDER", "MAX_REDEEM_NO", "PROMOTION_ID", "STATUS", "USER")
VALUES (49, TO_DATE('2020-02-14 00:00:00', 'YYYY-MM-DD HH24:MI:SS'), TO_DATE('2020-03-14 00:00:00', 'YYYY-MM-DD HH24:MI:SS'), TO_DATE('2020-02-14 00:00:00', 'YYYY-MM-DD HH24:MI:SS'), TO_DATE('2020-03-14 00:00:00', 'YYYY-MM-DD HH24:MI:SS'), 'BLOOM1234567295', 1, 1, '38640440485', 1, 25, 3, '38640440485');
INSERT INTO "COUPON" ("ID", "AQUIRE_FROM", "AQUIRE_TO", "AWARD_FROM", "AWARD_TO", "CODE", "COUPON_SERIES", "ENABLED", "HOLDER", "MAX_REDEEM_NO", "PROMOTION_ID", "STATUS", "USER")
VALUES (50, TO_DATE('2020-02-14 00:00:00', 'YYYY-MM-DD HH24:MI:SS'), TO_DATE('2020-03-14 00:00:00', 'YYYY-MM-DD HH24:MI:SS'), TO_DATE('2020-02-14 00:00:00', 'YYYY-MM-DD HH24:MI:SS'), TO_DATE('2020-03-14 00:00:00', 'YYYY-MM-DD HH24:MI:SS'), 'BLOOM1234567296', 1, 1, '38640440486', 1, 25, 2, '38640440486');
INSERT INTO "COUPON" ("ID", "AQUIRE_FROM", "AQUIRE_TO", "AWARD_FROM", "AWARD_TO", "CODE", "COUPON_SERIES", "ENABLED", "HOLDER", "MAX_REDEEM_NO", "PROMOTION_ID", "STATUS", "USER")
VALUES (31, TO_DATE('2020-02-01 00:00:00', 'YYYY-MM-DD HH24:MI:SS'), TO_DATE('2020-03-01 00:00:00', 'YYYY-MM-DD HH24:MI:SS'), TO_DATE('2020-02-01 00:00:00', 'YYYY-MM-DD HH24:MI:SS'), TO_DATE('2020-03-01 00:00:00', 'YYYY-MM-DD HH24:MI:SS'), 'YEAR12345990', 1, 1, '38640440481', 1, 26, 1, '38640440481');
INSERT INTO "COUPON" ("ID", "AQUIRE_FROM", "AQUIRE_TO", "AWARD_FROM", "AWARD_TO", "CODE", "COUPON_SERIES", "ENABLED", "HOLDER", "MAX_REDEEM_NO", "PROMOTION_ID", "STATUS", "USER")
VALUES (32, TO_DATE('2020-03-01 00:00:00', 'YYYY-MM-DD HH24:MI:SS'), TO_DATE('2020-04-01 00:00:00', 'YYYY-MM-DD HH24:MI:SS'), TO_DATE('2020-03-01 00:00:00', 'YYYY-MM-DD HH24:MI:SS'), TO_DATE('2020-04-01 00:00:00', 'YYYY-MM-DD HH24:MI:SS'), 'YEAR12345991', 1, 1, '38640440481', 1, 26, 1, '38640440481');
INSERT INTO "COUPON" ("ID", "AQUIRE_FROM", "AQUIRE_TO", "AWARD_FROM", "AWARD_TO", "CODE", "COUPON_SERIES", "ENABLED", "HOLDER", "MAX_REDEEM_NO", "PROMOTION_ID", "STATUS", "USER")
VALUES (33, TO_DATE('2020-04-01 00:00:00', 'YYYY-MM-DD HH24:MI:SS'), TO_DATE('2020-05-01 00:00:00', 'YYYY-MM-DD HH24:MI:SS'), TO_DATE('2020-04-01 00:00:00', 'YYYY-MM-DD HH24:MI:SS'), TO_DATE('2020-05-01 00:00:00', 'YYYY-MM-DD HH24:MI:SS'), 'YEAR12345992', 1, 1, '38640440481', 1, 26, 1, '38640440481');
INSERT INTO "COUPON" ("ID", "AQUIRE_FROM", "AQUIRE_TO", "AWARD_FROM", "AWARD_TO", "CODE", "COUPON_SERIES", "ENABLED", "HOLDER", "MAX_REDEEM_NO", "PROMOTION_ID", "STATUS", "USER")
VALUES (34, TO_DATE('2020-05-01 00:00:00', 'YYYY-MM-DD HH24:MI:SS'), TO_DATE('2020-06-01 00:00:00', 'YYYY-MM-DD HH24:MI:SS'), TO_DATE('2020-05-01 00:00:00', 'YYYY-MM-DD HH24:MI:SS'), TO_DATE('2020-06-01 00:00:00', 'YYYY-MM-DD HH24:MI:SS'), 'YEAR12345994', 1, 1, '38640440481', 1, 26, 1, '38640440481');
INSERT INTO "COUPON" ("ID", "AQUIRE_FROM", "AQUIRE_TO", "AWARD_FROM", "AWARD_TO", "CODE", "COUPON_SERIES", "ENABLED", "HOLDER", "MAX_REDEEM_NO", "PROMOTION_ID", "STATUS", "USER")
VALUES (35, TO_DATE('2020-04-01 00:00:00', 'YYYY-MM-DD HH24:MI:SS'), TO_DATE('2020-05-01 00:00:00', 'YYYY-MM-DD HH24:MI:SS'), TO_DATE('2020-04-01 00:00:00', 'YYYY-MM-DD HH24:MI:SS'), TO_DATE('2020-05-01 00:00:00', 'YYYY-MM-DD HH24:MI:SS'), 'YEAR12345092', 1, 1, '38640440481', 1, 26, 1, '38640440481');
INSERT INTO "COUPON" ("ID", "AQUIRE_FROM", "AQUIRE_TO", "AWARD_FROM", "AWARD_TO", "CODE", "COUPON_SERIES", "ENABLED", "HOLDER", "MAX_REDEEM_NO", "PROMOTION_ID", "STATUS", "USER")
VALUES (36, TO_DATE('2020-04-15 00:00:00', 'YYYY-MM-DD HH24:MI:SS'), TO_DATE('2020-05-15 00:00:00', 'YYYY-MM-DD HH24:MI:SS'), TO_DATE('2020-04-15 00:00:00', 'YYYY-MM-DD HH24:MI:SS'), TO_DATE('2020-05-15 00:00:00', 'YYYY-MM-DD HH24:MI:SS'), 'YEAR12345093', 2, 1, '38640440481', 1, 26, 1, '38640440481');
INSERT INTO "COUPON" ("ID", "AQUIRE_FROM", "AQUIRE_TO", "AWARD_FROM", "AWARD_TO", "CODE", "COUPON_SERIES", "ENABLED", "HOLDER", "MAX_REDEEM_NO", "PROMOTION_ID", "STATUS", "USER")
VALUES (37, TO_DATE('2020-04-08 00:00:00', 'YYYY-MM-DD HH24:MI:SS'), TO_DATE('2020-04-18 00:00:00', 'YYYY-MM-DD HH24:MI:SS'), TO_DATE('2020-04-08 00:00:00', 'YYYY-MM-DD HH24:MI:SS'), TO_DATE('2020-04-18 00:00:00', 'YYYY-MM-DD HH24:MI:SS'), 'YEAR12345094', 2, 1, '38640440481', 1, 26, 1, '38640440481');
INSERT INTO "COUPON" ("ID", "AQUIRE_FROM", "AQUIRE_TO", "AWARD_FROM", "AWARD_TO", "CODE", "COUPON_SERIES", "ENABLED", "HOLDER", "MAX_REDEEM_NO", "PROMOTION_ID", "STATUS", "USER")
VALUES (38, TO_DATE('2020-04-18 00:00:00', 'YYYY-MM-DD HH24:MI:SS'), TO_DATE('2020-05-04 00:00:00', 'YYYY-MM-DD HH24:MI:SS'), TO_DATE('2020-04-18 00:00:00', 'YYYY-MM-DD HH24:MI:SS'), TO_DATE('2020-05-04 00:00:00', 'YYYY-MM-DD HH24:MI:SS'), 'YEAR12345095', 2, 1, '38640440482', 1, 26, 3, '38640440482');
INSERT INTO "COUPON" ("ID", "AQUIRE_FROM", "AQUIRE_TO", "AWARD_FROM", "AWARD_TO", "CODE", "COUPON_SERIES", "ENABLED", "HOLDER", "MAX_REDEEM_NO", "PROMOTION_ID", "STATUS", "USER")
VALUES (47, TO_DATE('2020-04-08 00:00:00', 'YYYY-MM-DD HH24:MI:SS'), TO_DATE('2020-04-18 00:00:00', 'YYYY-MM-DD HH24:MI:SS'), TO_DATE('2020-04-08 00:00:00', 'YYYY-MM-DD HH24:MI:SS'), TO_DATE('2020-04-18 00:00:00', 'YYYY-MM-DD HH24:MI:SS'), 'YEAR12345096', 2, 1, '38640440487', 1, 26, 3, '38640440487');
INSERT INTO "COUPON" ("ID", "AQUIRE_FROM", "AQUIRE_TO", "AWARD_FROM", "AWARD_TO", "CODE", "COUPON_SERIES", "ENABLED", "HOLDER", "MAX_REDEEM_NO", "PROMOTION_ID", "STATUS", "USER")
VALUES (48, TO_DATE('2020-04-08 00:00:00', 'YYYY-MM-DD HH24:MI:SS'), TO_DATE('2020-04-18 00:00:00', 'YYYY-MM-DD HH24:MI:SS'), TO_DATE('2020-04-08 00:00:00', 'YYYY-MM-DD HH24:MI:SS'), TO_DATE('2020-04-18 00:00:00', 'YYYY-MM-DD HH24:MI:SS'), 'YEAR12345097', 2, 1, '38640440487', 1, 26, 2, '38640440487');
INSERT INTO "COUPON" ("ID", "AQUIRE_FROM", "AQUIRE_TO", "AWARD_FROM", "AWARD_TO", "CODE", "COUPON_SERIES", "ENABLED", "HOLDER", "MAX_REDEEM_NO", "PROMOTION_ID", "STATUS", "USER")
VALUES (25, TO_DATE('2020-05-01 00:00:00', 'YYYY-MM-DD HH24:MI:SS'), TO_DATE('2020-09-01 00:00:00', 'YYYY-MM-DD HH24:MI:SS'), TO_DATE('2020-05-01 00:00:00', 'YYYY-MM-DD HH24:MI:SS'), TO_DATE('2020-09-01 00:00:00', 'YYYY-MM-DD HH24:MI:SS'), 'SUMMER1234657391', 1, 1, '38640440481', 1, 3, 1, '38640440481');
INSERT INTO "COUPON" ("ID", "AQUIRE_FROM", "AQUIRE_TO", "AWARD_FROM", "AWARD_TO", "CODE", "COUPON_SERIES", "ENABLED", "HOLDER", "MAX_REDEEM_NO", "PROMOTION_ID", "STATUS", "USER")
VALUES (24, TO_DATE('2020-05-01 00:00:00', 'YYYY-MM-DD HH24:MI:SS'), TO_DATE('2020-09-01 00:00:00', 'YYYY-MM-DD HH24:MI:SS'), TO_DATE('2020-05-01 00:00:00', 'YYYY-MM-DD HH24:MI:SS'), TO_DATE('2020-09-01 00:00:00', 'YYYY-MM-DD HH24:MI:SS'), 'SUMMER1234657390', 1, 1, '38640440482', 1, 3, 1, '38640440482');
INSERT INTO "COUPON" ("ID", "AQUIRE_FROM", "AQUIRE_TO", "AWARD_FROM", "AWARD_TO", "CODE", "COUPON_SERIES", "ENABLED", "HOLDER", "MAX_REDEEM_NO", "PROMOTION_ID", "STATUS", "USER")
VALUES (52, TO_DATE('2020-05-01 00:00:00', 'YYYY-MM-DD HH24:MI:SS'), TO_DATE('2020-09-01 00:00:00', 'YYYY-MM-DD HH24:MI:SS'), TO_DATE('2020-05-01 00:00:00', 'YYYY-MM-DD HH24:MI:SS'), TO_DATE('2020-09-01 00:00:00', 'YYYY-MM-DD HH24:MI:SS'), 'SUMMER1234657493', 2, 1, '38640440485', 1, 3, 2, '38640440485');
INSERT INTO "COUPON" ("ID", "AQUIRE_FROM", "AQUIRE_TO", "AWARD_FROM", "AWARD_TO", "CODE", "COUPON_SERIES", "ENABLED", "HOLDER", "MAX_REDEEM_NO", "PROMOTION_ID", "STATUS", "USER")
VALUES (6, TO_DATE('2020-04-01 00:00:00', 'YYYY-MM-DD HH24:MI:SS'), TO_DATE('2020-06-01 00:00:00', 'YYYY-MM-DD HH24:MI:SS'), TO_DATE('2020-04-01 00:00:00', 'YYYY-MM-DD HH24:MI:SS'), TO_DATE('2020-06-01 00:00:00', 'YYYY-MM-DD HH24:MI:SS'), 'EASTER1234567895', 1, 1, NULL, 1, 2, 3, NULL);
INSERT INTO "COUPON" ("ID", "AQUIRE_FROM", "AQUIRE_TO", "AWARD_FROM", "AWARD_TO", "CODE", "COUPON_SERIES", "ENABLED", "HOLDER", "MAX_REDEEM_NO", "PROMOTION_ID", "STATUS", "USER")
VALUES (2, TO_DATE('2020-04-01 00:00:00', 'YYYY-MM-DD HH24:MI:SS'), TO_DATE('2020-06-01 00:00:00', 'YYYY-MM-DD HH24:MI:SS'), TO_DATE('2020-04-01 00:00:00', 'YYYY-MM-DD HH24:MI:SS'), TO_DATE('2020-06-01 00:00:00', 'YYYY-MM-DD HH24:MI:SS'), 'EASTER1234567892', 1, 1, '38640440481', 1, 2, 2, '38640440481');
INSERT INTO "COUPON" ("ID", "AQUIRE_FROM", "AQUIRE_TO", "AWARD_FROM", "AWARD_TO", "CODE", "COUPON_SERIES", "ENABLED", "HOLDER", "MAX_REDEEM_NO", "PROMOTION_ID", "STATUS", "USER")
VALUES (3, TO_DATE('2020-04-01 00:00:00', 'YYYY-MM-DD HH24:MI:SS'), TO_DATE('2020-06-01 00:00:00', 'YYYY-MM-DD HH24:MI:SS'), TO_DATE('2020-04-01 00:00:00', 'YYYY-MM-DD HH24:MI:SS'), TO_DATE('2020-06-01 00:00:00', 'YYYY-MM-DD HH24:MI:SS'), 'EASTER1234567893', 1, 1, '38640440482', 1, 2, 2, '38640440482');
INSERT INTO "COUPON" ("ID", "AQUIRE_FROM", "AQUIRE_TO", "AWARD_FROM", "AWARD_TO", "CODE", "COUPON_SERIES", "ENABLED", "HOLDER", "MAX_REDEEM_NO", "PROMOTION_ID", "STATUS", "USER")
VALUES (4, TO_DATE('2020-04-01 00:00:00', 'YYYY-MM-DD HH24:MI:SS'), TO_DATE('2020-06-01 00:00:00', 'YYYY-MM-DD HH24:MI:SS'), TO_DATE('2020-04-01 00:00:00', 'YYYY-MM-DD HH24:MI:SS'), TO_DATE('2020-06-01 00:00:00', 'YYYY-MM-DD HH24:MI:SS'), 'EASTER1234567894', 1, 1, '38640440483', 1, 2, 1, '38640440483');
INSERT INTO "COUPON" ("ID", "AQUIRE_FROM", "AQUIRE_TO", "AWARD_FROM", "AWARD_TO", "CODE", "COUPON_SERIES", "ENABLED", "HOLDER", "MAX_REDEEM_NO", "PROMOTION_ID", "STATUS", "USER")
VALUES (5, TO_DATE('2020-04-01 00:00:00', 'YYYY-MM-DD HH24:MI:SS'), TO_DATE('2020-06-01 00:00:00', 'YYYY-MM-DD HH24:MI:SS'), TO_DATE('2020-04-01 00:00:00', 'YYYY-MM-DD HH24:MI:SS'), TO_DATE('2020-06-01 00:00:00', 'YYYY-MM-DD HH24:MI:SS'), 'EASTER1234567891', 1, 1, NULL, 1, 2, 4, NULL);
INSERT INTO "COUPON" ("ID", "AQUIRE_FROM", "AQUIRE_TO", "AWARD_FROM", "AWARD_TO", "CODE", "COUPON_SERIES", "ENABLED", "HOLDER", "MAX_REDEEM_NO", "PROMOTION_ID", "STATUS", "USER")
VALUES (46, TO_DATE('2020-03-20 00:00:00', 'YYYY-MM-DD HH24:MI:SS'), TO_DATE('2020-05-20 00:00:00', 'YYYY-MM-DD HH24:MI:SS'), TO_DATE('2020-03-20 00:00:00', 'YYYY-MM-DD HH24:MI:SS'), TO_DATE('2020-05-20 00:00:00', 'YYYY-MM-DD HH24:MI:SS'), 'SPRING1234567191', 2, 1, '38640440481', 1, 1, 2, '38640440481');
INSERT INTO "COUPON" ("ID", "AQUIRE_FROM", "AQUIRE_TO", "AWARD_FROM", "AWARD_TO", "CODE", "COUPON_SERIES", "ENABLED", "HOLDER", "MAX_REDEEM_NO", "PROMOTION_ID", "STATUS", "USER")
VALUES (7, TO_DATE('2020-04-01 00:00:00', 'YYYY-MM-DD HH24:MI:SS'), TO_DATE('2020-06-01 00:00:00', 'YYYY-MM-DD HH24:MI:SS'), TO_DATE('2020-04-01 00:00:00', 'YYYY-MM-DD HH24:MI:SS'), TO_DATE('2020-06-01 00:00:00', 'YYYY-MM-DD HH24:MI:SS'), 'EASTER1234567113', 1, 1, NULL, 1, 2, 3, NULL);
INSERT INTO "COUPON" ("ID", "AQUIRE_FROM", "AQUIRE_TO", "AWARD_FROM", "AWARD_TO", "CODE", "COUPON_SERIES", "ENABLED", "HOLDER", "MAX_REDEEM_NO", "PROMOTION_ID", "STATUS", "USER")
VALUES (29, TO_DATE('2020-04-01 00:00:00', 'YYYY-MM-DD HH24:MI:SS'), TO_DATE('2020-05-01 00:00:00', 'YYYY-MM-DD HH24:MI:SS'), TO_DATE('2020-04-01 00:00:00', 'YYYY-MM-DD HH24:MI:SS'), TO_DATE('2020-05-01 00:00:00', 'YYYY-MM-DD HH24:MI:SS'), 'EASTER1234456294', 1, 1, '38640440481', 1, 2, 1, '38640440481');
INSERT INTO "COUPON" ("ID", "AQUIRE_FROM", "AQUIRE_TO", "AWARD_FROM", "AWARD_TO", "CODE", "COUPON_SERIES", "ENABLED", "HOLDER", "MAX_REDEEM_NO", "PROMOTION_ID", "STATUS", "USER")
VALUES (30, TO_DATE('2020-04-01 00:00:00', 'YYYY-MM-DD HH24:MI:SS'), TO_DATE('2020-05-01 00:00:00', 'YYYY-MM-DD HH24:MI:SS'), TO_DATE('2020-04-01 00:00:00', 'YYYY-MM-DD HH24:MI:SS'), TO_DATE('2020-05-01 00:00:00', 'YYYY-MM-DD HH24:MI:SS'), 'EASTER1234456295', 1, 1, '38640440482', 1, 2, 1, '38640440482');
INSERT INTO "COUPON" ("ID", "AQUIRE_FROM", "AQUIRE_TO", "AWARD_FROM", "AWARD_TO", "CODE", "COUPON_SERIES", "ENABLED", "HOLDER", "MAX_REDEEM_NO", "PROMOTION_ID", "STATUS", "USER")
VALUES (39, TO_DATE('2020-04-01 00:00:00', 'YYYY-MM-DD HH24:MI:SS'), TO_DATE('2020-06-01 00:00:00', 'YYYY-MM-DD HH24:MI:SS'), TO_DATE('2020-04-01 00:00:00', 'YYYY-MM-DD HH24:MI:SS'), TO_DATE('2020-06-01 00:00:00', 'YYYY-MM-DD HH24:MI:SS'), 'EASTER1234567901', 3, 0, '38591641146', 1, 2, 2, '38591641146');
INSERT INTO "COUPON" ("ID", "AQUIRE_FROM", "AQUIRE_TO", "AWARD_FROM", "AWARD_TO", "CODE", "COUPON_SERIES", "ENABLED", "HOLDER", "MAX_REDEEM_NO", "PROMOTION_ID", "STATUS", "USER")
VALUES (40, TO_DATE('2020-04-01 00:00:00', 'YYYY-MM-DD HH24:MI:SS'), TO_DATE('2020-05-01 00:00:00', 'YYYY-MM-DD HH24:MI:SS'), TO_DATE('2020-04-01 00:00:00', 'YYYY-MM-DD HH24:MI:SS'), TO_DATE('2020-05-01 00:00:00', 'YYYY-MM-DD HH24:MI:SS'), 'EASTER1234567902', 3, 1, '38591641146', 1, 2, 2, '38591641146');
INSERT INTO "COUPON" ("ID", "AQUIRE_FROM", "AQUIRE_TO", "AWARD_FROM", "AWARD_TO", "CODE", "COUPON_SERIES", "ENABLED", "HOLDER", "MAX_REDEEM_NO", "PROMOTION_ID", "STATUS", "USER")
VALUES (41, TO_DATE('2020-04-12 00:00:00', 'YYYY-MM-DD HH24:MI:SS'), TO_DATE('2020-05-12 00:00:00', 'YYYY-MM-DD HH24:MI:SS'), TO_DATE('2020-04-12 00:00:00', 'YYYY-MM-DD HH24:MI:SS'), TO_DATE('2020-05-12 00:00:00', 'YYYY-MM-DD HH24:MI:SS'), 'EASTER1234567903', 3, 1, '38591641146', 1, 2, 1, '38591641146');
INSERT INTO "COUPON" ("ID", "AQUIRE_FROM", "AQUIRE_TO", "AWARD_FROM", "AWARD_TO", "CODE", "COUPON_SERIES", "ENABLED", "HOLDER", "MAX_REDEEM_NO", "PROMOTION_ID", "STATUS", "USER")
VALUES (23, TO_DATE('2020-03-20 00:00:00', 'YYYY-MM-DD HH24:MI:SS'), TO_DATE('2020-04-20 00:00:00', 'YYYY-MM-DD HH24:MI:SS'), TO_DATE('2020-03-20 00:00:00', 'YYYY-MM-DD HH24:MI:SS'), TO_DATE('2020-04-20 00:00:00', 'YYYY-MM-DD HH24:MI:SS'), 'SPRING1234657291', 2, 1, '38640440482', 1, 1, 4, '38640440482');
INSERT INTO "COUPON" ("ID", "AQUIRE_FROM", "AQUIRE_TO", "AWARD_FROM", "AWARD_TO", "CODE", "COUPON_SERIES", "ENABLED", "HOLDER", "MAX_REDEEM_NO", "PROMOTION_ID", "STATUS", "USER")
VALUES (45, TO_DATE('2020-03-20 00:00:00', 'YYYY-MM-DD HH24:MI:SS'), TO_DATE('2020-05-20 00:00:00', 'YYYY-MM-DD HH24:MI:SS'), TO_DATE('2020-03-20 00:00:00', 'YYYY-MM-DD HH24:MI:SS'), TO_DATE('2020-05-20 00:00:00', 'YYYY-MM-DD HH24:MI:SS'), 'SPRING1234567190', 2, 1, '38640440481', 1, 1, 3, '38640440481');
INSERT INTO "COUPON" ("ID", "AQUIRE_FROM", "AQUIRE_TO", "AWARD_FROM", "AWARD_TO", "CODE", "COUPON_SERIES", "ENABLED", "HOLDER", "MAX_REDEEM_NO", "PROMOTION_ID", "STATUS", "USER")
VALUES (16, TO_DATE('2020-03-20 00:00:00', 'YYYY-MM-DD HH24:MI:SS'), TO_DATE('2020-05-20 00:00:00', 'YYYY-MM-DD HH24:MI:SS'), TO_DATE('2020-03-20 00:00:00', 'YYYY-MM-DD HH24:MI:SS'), TO_DATE('2020-05-20 00:00:00', 'YYYY-MM-DD HH24:MI:SS'), 'SPRING1234567291', 2, 1, '38640440481', 1, 1, 4, '38640440481');
INSERT INTO "COUPON" ("ID", "AQUIRE_FROM", "AQUIRE_TO", "AWARD_FROM", "AWARD_TO", "CODE", "COUPON_SERIES", "ENABLED", "HOLDER", "MAX_REDEEM_NO", "PROMOTION_ID", "STATUS", "USER")
VALUES (42, TO_DATE('2020-04-01 00:00:00', 'YYYY-MM-DD HH24:MI:SS'), TO_DATE('2020-05-01 00:00:00', 'YYYY-MM-DD HH24:MI:SS'), TO_DATE('2020-04-01 00:00:00', 'YYYY-MM-DD HH24:MI:SS'), TO_DATE('2020-05-01 00:00:00', 'YYYY-MM-DD HH24:MI:SS'), 'EASTER1234567904', 3, 0, '38591641147', 1, 2, 1, '38591641147');
INSERT INTO "COUPON" ("ID", "AQUIRE_FROM", "AQUIRE_TO", "AWARD_FROM", "AWARD_TO", "CODE", "COUPON_SERIES", "ENABLED", "HOLDER", "MAX_REDEEM_NO", "PROMOTION_ID", "STATUS", "USER")
VALUES (43, TO_DATE('2020-04-01 00:00:00', 'YYYY-MM-DD HH24:MI:SS'), TO_DATE('2020-05-01 00:00:00', 'YYYY-MM-DD HH24:MI:SS'), TO_DATE('2020-04-01 00:00:00', 'YYYY-MM-DD HH24:MI:SS'), TO_DATE('2020-05-01 00:00:00', 'YYYY-MM-DD HH24:MI:SS'), 'EASTER1234567905', 3, 1, '38591641148', 1, 2, 3, '38591641148');
INSERT INTO "COUPON" ("ID", "AQUIRE_FROM", "AQUIRE_TO", "AWARD_FROM", "AWARD_TO", "CODE", "COUPON_SERIES", "ENABLED", "HOLDER", "MAX_REDEEM_NO", "PROMOTION_ID", "STATUS", "USER")
VALUES (44, TO_DATE('2020-04-01 00:00:00', 'YYYY-MM-DD HH24:MI:SS'), TO_DATE('2020-05-01 00:00:00', 'YYYY-MM-DD HH24:MI:SS'), TO_DATE('2020-04-01 00:00:00', 'YYYY-MM-DD HH24:MI:SS'), TO_DATE('2020-05-01 00:00:00', 'YYYY-MM-DD HH24:MI:SS'), 'EASTER1234567906', 3, 1, '38591641148', 1, 2, 2, '38591641148');
INSERT INTO "COUPON" ("ID", "AQUIRE_FROM", "AQUIRE_TO", "AWARD_FROM", "AWARD_TO", "CODE", "COUPON_SERIES", "ENABLED", "HOLDER", "MAX_REDEEM_NO", "PROMOTION_ID", "STATUS", "USER")
VALUES (15, TO_DATE('2020-03-20 00:00:00', 'YYYY-MM-DD HH24:MI:SS'), TO_DATE('2020-05-20 00:00:00', 'YYYY-MM-DD HH24:MI:SS'), TO_DATE('2020-03-20 00:00:00', 'YYYY-MM-DD HH24:MI:SS'), TO_DATE('2020-05-20 00:00:00', 'YYYY-MM-DD HH24:MI:SS'), 'SPRING1234567290', 2, 1, '38640440481', 1, 1, 3, '38640440481');
INSERT INTO "COUPON" ("ID", "AQUIRE_FROM", "AQUIRE_TO", "AWARD_FROM", "AWARD_TO", "CODE", "COUPON_SERIES", "ENABLED", "HOLDER", "MAX_REDEEM_NO", "PROMOTION_ID", "STATUS", "USER")
VALUES (22, TO_DATE('2020-03-20 00:00:00', 'YYYY-MM-DD HH24:MI:SS'), TO_DATE('2020-04-20 00:00:00', 'YYYY-MM-DD HH24:MI:SS'), TO_DATE('2020-03-20 00:00:00', 'YYYY-MM-DD HH24:MI:SS'), TO_DATE('2020-04-20 00:00:00', 'YYYY-MM-DD HH24:MI:SS'), 'SPRING1234567093', 2, 1, '38640440482', 1, 1, 3, '38640440482');
END;
/

BEGIN
INSERT INTO "PROMOTION_AWARD_CHANNEL" ("PROMOTION_ID", "AWARD_CHANNEL_ID")
VALUES (1, 3);
INSERT INTO "PROMOTION_AWARD_CHANNEL" ("PROMOTION_ID", "AWARD_CHANNEL_ID")
VALUES (3, 3);
INSERT INTO "PROMOTION_AWARD_CHANNEL" ("PROMOTION_ID", "AWARD_CHANNEL_ID")
VALUES (3, 4);
INSERT INTO "PROMOTION_AWARD_CHANNEL" ("PROMOTION_ID", "AWARD_CHANNEL_ID")
VALUES (3, 1);
INSERT INTO "PROMOTION_AWARD_CHANNEL" ("PROMOTION_ID", "AWARD_CHANNEL_ID")
VALUES (11, 1);
INSERT INTO "PROMOTION_AWARD_CHANNEL" ("PROMOTION_ID", "AWARD_CHANNEL_ID")
VALUES (1, 1);
INSERT INTO "PROMOTION_AWARD_CHANNEL" ("PROMOTION_ID", "AWARD_CHANNEL_ID")
VALUES (2, 3);
INSERT INTO "PROMOTION_AWARD_CHANNEL" ("PROMOTION_ID", "AWARD_CHANNEL_ID")
VALUES (2, 4);
INSERT INTO "PROMOTION_AWARD_CHANNEL" ("PROMOTION_ID", "AWARD_CHANNEL_ID")
VALUES (2, 5);
INSERT INTO "PROMOTION_AWARD_CHANNEL" ("PROMOTION_ID", "AWARD_CHANNEL_ID")
VALUES (1, 5);
END;
/

BEGIN
INSERT INTO "PROMOTION_ISSUER_CHANNEL" ("PROMOTION_ID", "ISSUER_CHANNEL_ID")
VALUES (2, 4);
INSERT INTO "PROMOTION_ISSUER_CHANNEL" ("PROMOTION_ID", "ISSUER_CHANNEL_ID")
VALUES (1, 2);
INSERT INTO "PROMOTION_ISSUER_CHANNEL" ("PROMOTION_ID", "ISSUER_CHANNEL_ID")
VALUES (1, 1);
INSERT INTO "PROMOTION_ISSUER_CHANNEL" ("PROMOTION_ID", "ISSUER_CHANNEL_ID")
VALUES (3, 1);
INSERT INTO "PROMOTION_ISSUER_CHANNEL" ("PROMOTION_ID", "ISSUER_CHANNEL_ID")
VALUES (3, 4);
INSERT INTO "PROMOTION_ISSUER_CHANNEL" ("PROMOTION_ID", "ISSUER_CHANNEL_ID")
VALUES (2, 5);
INSERT INTO "PROMOTION_ISSUER_CHANNEL" ("PROMOTION_ID", "ISSUER_CHANNEL_ID")
VALUES (11, 2);
INSERT INTO "PROMOTION_ISSUER_CHANNEL" ("PROMOTION_ID", "ISSUER_CHANNEL_ID")
VALUES (2, 1);
INSERT INTO "PROMOTION_ISSUER_CHANNEL" ("PROMOTION_ID", "ISSUER_CHANNEL_ID")
VALUES (1, 5);
INSERT INTO "PROMOTION_ISSUER_CHANNEL" ("PROMOTION_ID", "ISSUER_CHANNEL_ID")
VALUES (3, 5);
END;
/

BEGIN
INSERT INTO "PROMOTION_PROPERTY" ("PROMOTION_ID", "PROPERTY_ID")
VALUES (2, 6);
INSERT INTO "PROMOTION_PROPERTY" ("PROMOTION_ID", "PROPERTY_ID")
VALUES (2, 1);
INSERT INTO "PROMOTION_PROPERTY" ("PROMOTION_ID", "PROPERTY_ID")
VALUES (11, 1);
INSERT INTO "PROMOTION_PROPERTY" ("PROMOTION_ID", "PROPERTY_ID")
VALUES (1, 2);
INSERT INTO "PROMOTION_PROPERTY" ("PROMOTION_ID", "PROPERTY_ID")
VALUES (7, 2);
INSERT INTO "PROMOTION_PROPERTY" ("PROMOTION_ID", "PROPERTY_ID")
VALUES (1, 4);
INSERT INTO "PROMOTION_PROPERTY" ("PROMOTION_ID", "PROPERTY_ID")
VALUES (5, 4);
INSERT INTO "PROMOTION_PROPERTY" ("PROMOTION_ID", "PROPERTY_ID")
VALUES (3, 6);
END;
/

BEGIN
INSERT INTO "COUPON_AWARD_CHANNEL" ("COUPON_ID", "AWARD_CHANNEL_ID")
VALUES (15, 5);
INSERT INTO "COUPON_AWARD_CHANNEL" ("COUPON_ID", "AWARD_CHANNEL_ID")
VALUES (48, 4);
INSERT INTO "COUPON_AWARD_CHANNEL" ("COUPON_ID", "AWARD_CHANNEL_ID")
VALUES (20, 3);
INSERT INTO "COUPON_AWARD_CHANNEL" ("COUPON_ID", "AWARD_CHANNEL_ID")
VALUES (44, 1);
INSERT INTO "COUPON_AWARD_CHANNEL" ("COUPON_ID", "AWARD_CHANNEL_ID")
VALUES (43, 1);
INSERT INTO "COUPON_AWARD_CHANNEL" ("COUPON_ID", "AWARD_CHANNEL_ID")
VALUES (21, 3);
INSERT INTO "COUPON_AWARD_CHANNEL" ("COUPON_ID", "AWARD_CHANNEL_ID")
VALUES (7, 5);
INSERT INTO "COUPON_AWARD_CHANNEL" ("COUPON_ID", "AWARD_CHANNEL_ID")
VALUES (49, 5);
INSERT INTO "COUPON_AWARD_CHANNEL" ("COUPON_ID", "AWARD_CHANNEL_ID")
VALUES (50, 5);
INSERT INTO "COUPON_AWARD_CHANNEL" ("COUPON_ID", "AWARD_CHANNEL_ID")
VALUES (6, 1);
INSERT INTO "COUPON_AWARD_CHANNEL" ("COUPON_ID", "AWARD_CHANNEL_ID")
VALUES (38, 1);
INSERT INTO "COUPON_AWARD_CHANNEL" ("COUPON_ID", "AWARD_CHANNEL_ID")
VALUES (46, 3);
INSERT INTO "COUPON_AWARD_CHANNEL" ("COUPON_ID", "AWARD_CHANNEL_ID")
VALUES (45, 3);
INSERT INTO "COUPON_AWARD_CHANNEL" ("COUPON_ID", "AWARD_CHANNEL_ID")
VALUES (47, 4);
INSERT INTO "COUPON_AWARD_CHANNEL" ("COUPON_ID", "AWARD_CHANNEL_ID")
VALUES (22, 5);
INSERT INTO "COUPON_AWARD_CHANNEL" ("COUPON_ID", "AWARD_CHANNEL_ID")
VALUES (13, 1);
END;
/

BEGIN
INSERT INTO "COUPON_ISSUER_CHANNEL" ("COUPON_ID", "ISSUER_CHANNEL_ID")
VALUES (49, 5);
INSERT INTO "COUPON_ISSUER_CHANNEL" ("COUPON_ID", "ISSUER_CHANNEL_ID")
VALUES (13, 1);
INSERT INTO "COUPON_ISSUER_CHANNEL" ("COUPON_ID", "ISSUER_CHANNEL_ID")
VALUES (21, 3);
INSERT INTO "COUPON_ISSUER_CHANNEL" ("COUPON_ID", "ISSUER_CHANNEL_ID")
VALUES (38, 1);
INSERT INTO "COUPON_ISSUER_CHANNEL" ("COUPON_ID", "ISSUER_CHANNEL_ID")
VALUES (20, 3);
INSERT INTO "COUPON_ISSUER_CHANNEL" ("COUPON_ID", "ISSUER_CHANNEL_ID")
VALUES (19, 5);
INSERT INTO "COUPON_ISSUER_CHANNEL" ("COUPON_ID", "ISSUER_CHANNEL_ID")
VALUES (18, 5);
INSERT INTO "COUPON_ISSUER_CHANNEL" ("COUPON_ID", "ISSUER_CHANNEL_ID")
VALUES (47, 4);
INSERT INTO "COUPON_ISSUER_CHANNEL" ("COUPON_ID", "ISSUER_CHANNEL_ID")
VALUES (17, 5);
INSERT INTO "COUPON_ISSUER_CHANNEL" ("COUPON_ID", "ISSUER_CHANNEL_ID")
VALUES (50, 5);
INSERT INTO "COUPON_ISSUER_CHANNEL" ("COUPON_ID", "ISSUER_CHANNEL_ID")
VALUES (8, 4);
INSERT INTO "COUPON_ISSUER_CHANNEL" ("COUPON_ID", "ISSUER_CHANNEL_ID")
VALUES (11, 1);
INSERT INTO "COUPON_ISSUER_CHANNEL" ("COUPON_ID", "ISSUER_CHANNEL_ID")
VALUES (15, 5);
INSERT INTO "COUPON_ISSUER_CHANNEL" ("COUPON_ID", "ISSUER_CHANNEL_ID")
VALUES (22, 5);
INSERT INTO "COUPON_ISSUER_CHANNEL" ("COUPON_ID", "ISSUER_CHANNEL_ID")
VALUES (45, 3);
INSERT INTO "COUPON_ISSUER_CHANNEL" ("COUPON_ID", "ISSUER_CHANNEL_ID")
VALUES (46, 3);
INSERT INTO "COUPON_ISSUER_CHANNEL" ("COUPON_ID", "ISSUER_CHANNEL_ID")
VALUES (2, 1);
INSERT INTO "COUPON_ISSUER_CHANNEL" ("COUPON_ID", "ISSUER_CHANNEL_ID")
VALUES (3, 1);
INSERT INTO "COUPON_ISSUER_CHANNEL" ("COUPON_ID", "ISSUER_CHANNEL_ID")
VALUES (4, 1);
INSERT INTO "COUPON_ISSUER_CHANNEL" ("COUPON_ID", "ISSUER_CHANNEL_ID")
VALUES (12, 3);
INSERT INTO "COUPON_ISSUER_CHANNEL" ("COUPON_ID", "ISSUER_CHANNEL_ID")
VALUES (5, 5);
INSERT INTO "COUPON_ISSUER_CHANNEL" ("COUPON_ID", "ISSUER_CHANNEL_ID")
VALUES (7, 5);
INSERT INTO "COUPON_ISSUER_CHANNEL" ("COUPON_ID", "ISSUER_CHANNEL_ID")
VALUES (43, 1);
INSERT INTO "COUPON_ISSUER_CHANNEL" ("COUPON_ID", "ISSUER_CHANNEL_ID")
VALUES (44, 1);
INSERT INTO "COUPON_ISSUER_CHANNEL" ("COUPON_ID", "ISSUER_CHANNEL_ID")
VALUES (51, 2);
INSERT INTO "COUPON_ISSUER_CHANNEL" ("COUPON_ID", "ISSUER_CHANNEL_ID")
VALUES (52, 2);
INSERT INTO "COUPON_ISSUER_CHANNEL" ("COUPON_ID", "ISSUER_CHANNEL_ID")
VALUES (9, 5);
INSERT INTO "COUPON_ISSUER_CHANNEL" ("COUPON_ID", "ISSUER_CHANNEL_ID")
VALUES (10, 2);
INSERT INTO "COUPON_ISSUER_CHANNEL" ("COUPON_ID", "ISSUER_CHANNEL_ID")
VALUES (6, 1);
INSERT INTO "COUPON_ISSUER_CHANNEL" ("COUPON_ID", "ISSUER_CHANNEL_ID")
VALUES (48, 4);
END;
/

COMMIT;
END;
/