IF OBJECT_ID(N'[__EFMigrationsHistory]') IS NULL
BEGIN
    CREATE TABLE [__EFMigrationsHistory] (
        [MigrationId] nvarchar(150) NOT NULL,
        [ProductVersion] nvarchar(32) NOT NULL,
        CONSTRAINT [PK___EFMigrationsHistory] PRIMARY KEY ([MigrationId])
    );
END;

GO

CREATE TABLE [ACCESS_LOG] (
    [ID] bigint NOT NULL IDENTITY,
    [APPLICATION_TYPE] int NOT NULL,
    [CHANNEL] nvarchar(20) NULL,
    [ACTION] nvarchar(80) NULL,
    [USERNAME] nvarchar(20) NULL,
    [GRANTED] bit NOT NULL,
    [ISSUED_DATE] datetime2 NOT NULL,
    CONSTRAINT [PK_ACCESS_LOG] PRIMARY KEY ([ID])
);

GO

CREATE TABLE [APPL_USER] (
    [USERNAME] nvarchar(20) NOT NULL,
    [DOMAIN] nvarchar(20) NULL,
    [FULLNAME] nvarchar(80) NULL,
    [ACCESS_TYPE] int NOT NULL,
    CONSTRAINT [PK_APPL_USER] PRIMARY KEY ([USERNAME])
);

GO

CREATE TABLE [AWARD_CHANNEL] (
    [ID] bigint NOT NULL IDENTITY,
    [NAME] nvarchar(20) NULL,
    CONSTRAINT [PK_AWARD_CHANNEL] PRIMARY KEY ([ID])
);

GO

CREATE TABLE [ISSUER_CHANNEL] (
    [ID] bigint NOT NULL IDENTITY,
    [NAME] nvarchar(20) NULL,
    CONSTRAINT [PK_ISSUER_CHANNEL] PRIMARY KEY ([ID])
);

GO

CREATE TABLE [PROMOTION] (
    [ID] bigint NOT NULL IDENTITY,
    [CODE] nvarchar(40) NOT NULL,
    [ENABLED] bit NOT NULL,
    [VALID_FROM] datetime2 NULL,
    [VALID_TO] datetime2 NULL,
    [COUPON_SERIES] int NOT NULL,
    CONSTRAINT [PK_PROMOTION] PRIMARY KEY ([ID])
);

GO

CREATE TABLE [PROPERTY] (
    [ID] bigint NOT NULL IDENTITY,
    [NAME] nvarchar(20) NULL,
    CONSTRAINT [PK_PROPERTY] PRIMARY KEY ([ID])
);

GO

CREATE TABLE [SYSTEM] (
    [ID] bigint NOT NULL IDENTITY,
    [NAME] nvarchar(20) NULL,
    [USERNAME] nvarchar(20) NULL,
    [PASSWORD] nvarchar(20) NULL,
    CONSTRAINT [PK_SYSTEM] PRIMARY KEY ([ID])
);

GO

CREATE TABLE [COUPON] (
    [ID] bigint NOT NULL IDENTITY,
    [CODE] nvarchar(40) NULL,
    [HOLDER] nvarchar(20) NULL,
    [USER] nvarchar(20) NULL,
    [STATUS] int NOT NULL,
    [AQUIRE_FROM] datetime2 NULL,
    [AQUIRE_TO] datetime2 NULL,
    [AWARD_FROM] datetime2 NULL,
    [AWARD_TO] datetime2 NULL,
    [PROMOTION_ID] bigint NOT NULL,
    [COUPON_SERIES] int NOT NULL,
    [MAX_REDEEM_NO] int NOT NULL,
    [ENABLED] bit NOT NULL,
    CONSTRAINT [PK_COUPON] PRIMARY KEY ([ID]),
    CONSTRAINT [FK_COUPON_PROMOTION_PROMOTION_ID] FOREIGN KEY ([PROMOTION_ID]) REFERENCES [PROMOTION] ([ID]) ON DELETE CASCADE
);

GO

CREATE TABLE [PROMOTION_AWARD_CHANNEL] (
    [PROMOTION_ID] bigint NOT NULL,
    [AWARD_CHANNEL_ID] bigint NOT NULL,
    CONSTRAINT [PK_PROMOTION_AWARD_CHANNEL] PRIMARY KEY ([PROMOTION_ID], [AWARD_CHANNEL_ID]),
    CONSTRAINT [FK_PROMOTION_AWARD_CHANNEL_AWARD_CHANNEL_AWARD_CHANNEL_ID] FOREIGN KEY ([AWARD_CHANNEL_ID]) REFERENCES [AWARD_CHANNEL] ([ID]) ON DELETE CASCADE,
    CONSTRAINT [FK_PROMOTION_AWARD_CHANNEL_PROMOTION_PROMOTION_ID] FOREIGN KEY ([PROMOTION_ID]) REFERENCES [PROMOTION] ([ID]) ON DELETE CASCADE
);

GO

CREATE TABLE [PROMOTION_ISSUER_CHANNEL] (
    [PROMOTION_ID] bigint NOT NULL,
    [ISSUER_CHANNEL_ID] bigint NOT NULL,
    CONSTRAINT [PK_PROMOTION_ISSUER_CHANNEL] PRIMARY KEY ([PROMOTION_ID], [ISSUER_CHANNEL_ID]),
    CONSTRAINT [FK_PROMOTION_ISSUER_CHANNEL_ISSUER_CHANNEL_ISSUER_CHANNEL_ID] FOREIGN KEY ([ISSUER_CHANNEL_ID]) REFERENCES [ISSUER_CHANNEL] ([ID]) ON DELETE CASCADE,
    CONSTRAINT [FK_PROMOTION_ISSUER_CHANNEL_PROMOTION_PROMOTION_ID] FOREIGN KEY ([PROMOTION_ID]) REFERENCES [PROMOTION] ([ID]) ON DELETE CASCADE
);

GO

CREATE TABLE [PROMOTION_PROPERTY] (
    [PROMOTION_ID] bigint NOT NULL,
    [PROPERTY_ID] bigint NOT NULL,
    CONSTRAINT [PK_PROMOTION_PROPERTY] PRIMARY KEY ([PROMOTION_ID], [PROPERTY_ID]),
    CONSTRAINT [FK_PROMOTION_PROPERTY_PROMOTION_PROMOTION_ID] FOREIGN KEY ([PROMOTION_ID]) REFERENCES [PROMOTION] ([ID]) ON DELETE CASCADE,
    CONSTRAINT [FK_PROMOTION_PROPERTY_PROPERTY_PROPERTY_ID] FOREIGN KEY ([PROPERTY_ID]) REFERENCES [PROPERTY] ([ID]) ON DELETE CASCADE
);

GO

CREATE TABLE [NOTIFY_LIST] (
    [CHANNEL_ID] bigint NOT NULL,
    [SYSTEM_ID] bigint NOT NULL,
    [URL] nvarchar(max) NULL,
    CONSTRAINT [PK_NOTIFY_LIST] PRIMARY KEY ([SYSTEM_ID], [CHANNEL_ID]),
    CONSTRAINT [FK_NOTIFY_LIST_ISSUER_CHANNEL_CHANNEL_ID] FOREIGN KEY ([CHANNEL_ID]) REFERENCES [ISSUER_CHANNEL] ([ID]) ON DELETE CASCADE,
    CONSTRAINT [FK_NOTIFY_LIST_SYSTEM_SYSTEM_ID] FOREIGN KEY ([SYSTEM_ID]) REFERENCES [SYSTEM] ([ID]) ON DELETE CASCADE
);

GO

CREATE TABLE [COUPON_AWARD_CHANNEL] (
    [COUPON_ID] bigint NOT NULL,
    [AWARD_CHANNEL_ID] bigint NOT NULL,
    CONSTRAINT [PK_COUPON_AWARD_CHANNEL] PRIMARY KEY ([COUPON_ID], [AWARD_CHANNEL_ID]),
    CONSTRAINT [FK_COUPON_AWARD_CHANNEL_AWARD_CHANNEL_AWARD_CHANNEL_ID] FOREIGN KEY ([AWARD_CHANNEL_ID]) REFERENCES [AWARD_CHANNEL] ([ID]) ON DELETE CASCADE,
    CONSTRAINT [FK_COUPON_AWARD_CHANNEL_COUPON_COUPON_ID] FOREIGN KEY ([COUPON_ID]) REFERENCES [COUPON] ([ID]) ON DELETE CASCADE
);

GO

CREATE TABLE [COUPON_HISTORY] (
    [ID] bigint NOT NULL IDENTITY,
    [DATE] datetime2 NOT NULL,
    [ACTION] nvarchar(max) NULL,
    [STATUS] int NOT NULL,
    [COUPON_ID] bigint NOT NULL,
    [USER] nvarchar(max) NULL,
    CONSTRAINT [PK_COUPON_HISTORY] PRIMARY KEY ([ID]),
    CONSTRAINT [FK_COUPON_HISTORY_COUPON_COUPON_ID] FOREIGN KEY ([COUPON_ID]) REFERENCES [COUPON] ([ID]) ON DELETE CASCADE
);

GO

CREATE TABLE [COUPON_ISSUER_CHANNEL] (
    [COUPON_ID] bigint NOT NULL,
    [ISSUER_CHANNEL_ID] bigint NOT NULL,
    CONSTRAINT [PK_COUPON_ISSUER_CHANNEL] PRIMARY KEY ([COUPON_ID], [ISSUER_CHANNEL_ID]),
    CONSTRAINT [FK_COUPON_ISSUER_CHANNEL_COUPON_COUPON_ID] FOREIGN KEY ([COUPON_ID]) REFERENCES [COUPON] ([ID]) ON DELETE CASCADE,
    CONSTRAINT [FK_COUPON_ISSUER_CHANNEL_ISSUER_CHANNEL_ISSUER_CHANNEL_ID] FOREIGN KEY ([ISSUER_CHANNEL_ID]) REFERENCES [ISSUER_CHANNEL] ([ID]) ON DELETE CASCADE
);

GO

IF EXISTS (SELECT * FROM [sys].[identity_columns] WHERE [name] IN (N'ID', N'ACTION', N'APPLICATION_TYPE', N'CHANNEL', N'GRANTED', N'ISSUED_DATE', N'USERNAME') AND [object_id] = OBJECT_ID(N'[ACCESS_LOG]'))
    SET IDENTITY_INSERT [ACCESS_LOG] ON;
INSERT INTO [ACCESS_LOG] ([ID], [ACTION], [APPLICATION_TYPE], [CHANNEL], [GRANTED], [ISSUED_DATE], [USERNAME])
VALUES (CAST(1 AS bigint), N'Create Promotion', 0, N'POS', 0, '2020-06-12T22:20:48.4675607+02:00', N''),
(CAST(2 AS bigint), N'Update Coupon', 1, N'', 0, '2020-06-12T22:20:48.4738046+02:00', N'korisnik');
IF EXISTS (SELECT * FROM [sys].[identity_columns] WHERE [name] IN (N'ID', N'ACTION', N'APPLICATION_TYPE', N'CHANNEL', N'GRANTED', N'ISSUED_DATE', N'USERNAME') AND [object_id] = OBJECT_ID(N'[ACCESS_LOG]'))
    SET IDENTITY_INSERT [ACCESS_LOG] OFF;

GO

IF EXISTS (SELECT * FROM [sys].[identity_columns] WHERE [name] IN (N'USERNAME', N'ACCESS_TYPE', N'DOMAIN', N'FULLNAME') AND [object_id] = OBJECT_ID(N'[APPL_USER]'))
    SET IDENTITY_INSERT [APPL_USER] ON;
INSERT INTO [APPL_USER] ([USERNAME], [ACCESS_TYPE], [DOMAIN], [FULLNAME])
VALUES (N'ljubo', 1, N'LJUBO-PC', N'Ljubomir Kraljevic'),
(N'traktor', 1, N'LJUBO-PC', N'DJ Fresh Prince');
IF EXISTS (SELECT * FROM [sys].[identity_columns] WHERE [name] IN (N'USERNAME', N'ACCESS_TYPE', N'DOMAIN', N'FULLNAME') AND [object_id] = OBJECT_ID(N'[APPL_USER]'))
    SET IDENTITY_INSERT [APPL_USER] OFF;

GO

IF EXISTS (SELECT * FROM [sys].[identity_columns] WHERE [name] IN (N'ID', N'NAME') AND [object_id] = OBJECT_ID(N'[AWARD_CHANNEL]'))
    SET IDENTITY_INSERT [AWARD_CHANNEL] ON;
INSERT INTO [AWARD_CHANNEL] ([ID], [NAME])
VALUES (CAST(4 AS bigint), N'Telesales'),
(CAST(3 AS bigint), N'SelfCare'),
(CAST(1 AS bigint), N'POS'),
(CAST(5 AS bigint), N'Webshop');
IF EXISTS (SELECT * FROM [sys].[identity_columns] WHERE [name] IN (N'ID', N'NAME') AND [object_id] = OBJECT_ID(N'[AWARD_CHANNEL]'))
    SET IDENTITY_INSERT [AWARD_CHANNEL] OFF;

GO

IF EXISTS (SELECT * FROM [sys].[identity_columns] WHERE [name] IN (N'ID', N'NAME') AND [object_id] = OBJECT_ID(N'[ISSUER_CHANNEL]'))
    SET IDENTITY_INSERT [ISSUER_CHANNEL] ON;
INSERT INTO [ISSUER_CHANNEL] ([ID], [NAME])
VALUES (CAST(2 AS bigint), N'Salesforce'),
(CAST(3 AS bigint), N'SelfCare'),
(CAST(4 AS bigint), N'Telesales'),
(CAST(5 AS bigint), N'Webshop'),
(CAST(1 AS bigint), N'POS');
IF EXISTS (SELECT * FROM [sys].[identity_columns] WHERE [name] IN (N'ID', N'NAME') AND [object_id] = OBJECT_ID(N'[ISSUER_CHANNEL]'))
    SET IDENTITY_INSERT [ISSUER_CHANNEL] OFF;

GO

IF EXISTS (SELECT * FROM [sys].[identity_columns] WHERE [name] IN (N'ID', N'CODE', N'COUPON_SERIES', N'ENABLED', N'VALID_FROM', N'VALID_TO') AND [object_id] = OBJECT_ID(N'[PROMOTION]'))
    SET IDENTITY_INSERT [PROMOTION] ON;
INSERT INTO [PROMOTION] ([ID], [CODE], [COUPON_SERIES], [ENABLED], [VALID_FROM], [VALID_TO])
VALUES (CAST(16 AS bigint), N'Spring6', 0, 1, '2020-03-01T00:00:00.0000000', '2020-05-01T00:00:00.0000000'),
(CAST(17 AS bigint), N'Easter6', 0, 0, '2020-04-01T00:00:00.0000000', '2020-05-01T00:00:00.0000000'),
(CAST(18 AS bigint), N'Summer6', 0, 1, '2020-06-01T00:00:00.0000000', '2020-09-01T00:00:00.0000000'),
(CAST(19 AS bigint), N'Spring7', 0, 1, '2020-03-01T00:00:00.0000000', '2020-05-01T00:00:00.0000000'),
(CAST(22 AS bigint), N'Spring8', 0, 1, '2020-03-01T00:00:00.0000000', '2020-05-01T00:00:00.0000000'),
(CAST(21 AS bigint), N'Summer7', 0, 1, '2020-06-01T00:00:00.0000000', '2020-09-01T00:00:00.0000000'),
(CAST(23 AS bigint), N'Easter8', 0, 0, '2020-04-01T00:00:00.0000000', '2020-05-01T00:00:00.0000000'),
(CAST(25 AS bigint), N'Bloom', 0, 1, '2020-02-14T00:00:00.0000000', '2020-03-14T00:00:00.0000000'),
(CAST(26 AS bigint), N'AllYear', 0, 1, '2020-02-01T00:00:00.0000000', '2020-08-01T00:00:00.0000000'),
(CAST(20 AS bigint), N'Easter7', 0, 0, '2020-04-01T00:00:00.0000000', '2020-05-01T00:00:00.0000000'),
(CAST(24 AS bigint), N'Summer8', 0, 1, '2020-06-01T00:00:00.0000000', '2020-09-01T00:00:00.0000000'),
(CAST(15 AS bigint), N'Summer5', 0, 1, '2020-06-01T00:00:00.0000000', '2020-09-01T00:00:00.0000000'),
(CAST(12 AS bigint), N'Summer4', 0, 1, '2020-06-01T00:00:00.0000000', '2020-09-01T00:00:00.0000000'),
(CAST(1 AS bigint), N'Spring', 0, 1, '2020-03-20T00:00:00.0000000', '2020-05-20T00:00:00.0000000'),
(CAST(14 AS bigint), N'Easter5', 0, 0, '2020-04-01T00:00:00.0000000', '2020-05-01T00:00:00.0000000'),
(CAST(3 AS bigint), N'Summer', 0, 1, '2020-05-01T00:00:00.0000000', '2020-09-01T00:00:00.0000000'),
(CAST(4 AS bigint), N'SpringDown', 0, 0, '2020-03-01T00:00:00.0000000', '2020-05-01T00:00:00.0000000'),
(CAST(5 AS bigint), N'EasterDown', 0, 1, '2020-04-01T00:00:00.0000000', '2020-04-12T00:00:00.0000000'),
(CAST(2 AS bigint), N'Easter', 0, 1, '2020-04-01T00:00:00.0000000', '2020-06-01T00:00:00.0000000'),
(CAST(7 AS bigint), N'FUNZIES!', 0, 1, '2020-04-01T00:00:00.0000000', '2020-06-01T00:00:00.0000000'),
(CAST(8 AS bigint), N'NOTfunzies', 0, 0, '2020-04-01T00:00:00.0000000', '2020-06-01T00:00:00.0000000'),
(CAST(9 AS bigint), N'Summer3', 0, 1, '2020-06-01T00:00:00.0000000', '2020-09-01T00:00:00.0000000'),
(CAST(10 AS bigint), N'Spring4', 0, 1, '2020-03-01T00:00:00.0000000', '2020-05-01T00:00:00.0000000'),
(CAST(11 AS bigint), N'Easter4', 0, 0, '2020-04-01T00:00:00.0000000', '2020-05-01T00:00:00.0000000'),
(CAST(6 AS bigint), N'SummerDown', 0, 0, '2020-06-01T00:00:00.0000000', '2020-09-01T00:00:00.0000000'),
(CAST(13 AS bigint), N'Spring5', 0, 1, '2020-03-01T00:00:00.0000000', '2020-05-01T00:00:00.0000000');
IF EXISTS (SELECT * FROM [sys].[identity_columns] WHERE [name] IN (N'ID', N'CODE', N'COUPON_SERIES', N'ENABLED', N'VALID_FROM', N'VALID_TO') AND [object_id] = OBJECT_ID(N'[PROMOTION]'))
    SET IDENTITY_INSERT [PROMOTION] OFF;

GO

IF EXISTS (SELECT * FROM [sys].[identity_columns] WHERE [name] IN (N'ID', N'NAME') AND [object_id] = OBJECT_ID(N'[PROPERTY]'))
    SET IDENTITY_INSERT [PROPERTY] ON;
INSERT INTO [PROPERTY] ([ID], [NAME])
VALUES (CAST(1 AS bigint), N'UniqueCoupons'),
(CAST(2 AS bigint), N'NamedHolders'),
(CAST(3 AS bigint), N'NamedConsumers'),
(CAST(4 AS bigint), N'HolderIsOnlyConsumer'),
(CAST(5 AS bigint), N'AllowMultipleRedeems'),
(CAST(6 AS bigint), N'AllowCouponSeries');
IF EXISTS (SELECT * FROM [sys].[identity_columns] WHERE [name] IN (N'ID', N'NAME') AND [object_id] = OBJECT_ID(N'[PROPERTY]'))
    SET IDENTITY_INSERT [PROPERTY] OFF;

GO

IF EXISTS (SELECT * FROM [sys].[identity_columns] WHERE [name] IN (N'ID', N'NAME', N'PASSWORD', N'USERNAME') AND [object_id] = OBJECT_ID(N'[SYSTEM]'))
    SET IDENTITY_INSERT [SYSTEM] ON;
INSERT INTO [SYSTEM] ([ID], [NAME], [PASSWORD], [USERNAME])
VALUES (CAST(1 AS bigint), N'CRM', N'test', N'max'),
(CAST(2 AS bigint), N'SalesForce', N'test', N'sf');
IF EXISTS (SELECT * FROM [sys].[identity_columns] WHERE [name] IN (N'ID', N'NAME', N'PASSWORD', N'USERNAME') AND [object_id] = OBJECT_ID(N'[SYSTEM]'))
    SET IDENTITY_INSERT [SYSTEM] OFF;

GO

IF EXISTS (SELECT * FROM [sys].[identity_columns] WHERE [name] IN (N'ID', N'AQUIRE_FROM', N'AQUIRE_TO', N'AWARD_FROM', N'AWARD_TO', N'CODE', N'COUPON_SERIES', N'ENABLED', N'HOLDER', N'MAX_REDEEM_NO', N'PROMOTION_ID', N'STATUS', N'USER') AND [object_id] = OBJECT_ID(N'[COUPON]'))
    SET IDENTITY_INSERT [COUPON] ON;
INSERT INTO [COUPON] ([ID], [AQUIRE_FROM], [AQUIRE_TO], [AWARD_FROM], [AWARD_TO], [CODE], [COUPON_SERIES], [ENABLED], [HOLDER], [MAX_REDEEM_NO], [PROMOTION_ID], [STATUS], [USER])
VALUES (CAST(14 AS bigint), '2020-03-20T00:00:00.0000000', '2020-05-20T00:00:00.0000000', '2020-03-20T00:00:00.0000000', '2020-05-20T00:00:00.0000000', N'SPRING1234567289', 2, 1, N'38640440481', 1, CAST(1 AS bigint), 2, N'38640440481'),
(CAST(26 AS bigint), '2020-05-01T00:00:00.0000000', '2020-09-01T00:00:00.0000000', '2020-05-01T00:00:00.0000000', '2020-09-01T00:00:00.0000000', N'SUMMER1234657292', 2, 1, N'38640440482', 1, CAST(3 AS bigint), 1, N'38640440482'),
(CAST(27 AS bigint), '2020-05-01T00:00:00.0000000', '2020-09-01T00:00:00.0000000', '2020-05-01T00:00:00.0000000', '2020-09-01T00:00:00.0000000', N'SUMMER1234657293', 2, 1, N'38640440482', 1, CAST(3 AS bigint), 2, N'38640440482'),
(CAST(28 AS bigint), '2020-05-01T00:00:00.0000000', '2020-09-01T00:00:00.0000000', '2020-05-01T00:00:00.0000000', '2020-09-01T00:00:00.0000000', N'SUMMER1234657294', 2, 1, N'38640440481', 1, CAST(3 AS bigint), 4, N'38640440481'),
(CAST(51 AS bigint), '2020-05-01T00:00:00.0000000', '2020-09-01T00:00:00.0000000', '2020-05-01T00:00:00.0000000', '2020-09-01T00:00:00.0000000', N'SUMMER1234657492', 2, 1, N'38640440484', 1, CAST(3 AS bigint), 3, N'38640440484'),
(CAST(8 AS bigint), '2020-04-01T00:00:00.0000000', '2020-06-01T00:00:00.0000000', '2020-04-01T00:00:00.0000000', '2020-06-01T00:00:00.0000000', N'EDOWN1234567892', 1, 0, N'38640440481', 1, CAST(5 AS bigint), 2, N'38640440481'),
(CAST(9 AS bigint), '2020-04-01T00:00:00.0000000', '2020-06-01T00:00:00.0000000', '2020-04-01T00:00:00.0000000', '2020-06-01T00:00:00.0000000', N'EDOWN1234567893', 1, 0, N'38640440482', 1, CAST(5 AS bigint), 2, N'38640440482'),
(CAST(10 AS bigint), '2020-04-01T00:00:00.0000000', '2020-06-01T00:00:00.0000000', '2020-04-01T00:00:00.0000000', '2020-06-01T00:00:00.0000000', N'EDOWN1234567894', 2, 1, N'38640440483', 1, CAST(5 AS bigint), 2, N'38640440483'),
(CAST(11 AS bigint), '2020-04-01T00:00:00.0000000', '2020-06-01T00:00:00.0000000', '2020-04-01T00:00:00.0000000', '2020-06-01T00:00:00.0000000', N'EDOWN1234567891', 1, 1, N'', 1, CAST(5 AS bigint), 1, N''),
(CAST(12 AS bigint), '2020-04-01T00:00:00.0000000', '2020-06-01T00:00:00.0000000', '2020-04-01T00:00:00.0000000', '2020-06-01T00:00:00.0000000', N'EDOWN1234567911', 1, 0, N'', 1, CAST(5 AS bigint), 1, N''),
(CAST(13 AS bigint), '2020-04-01T00:00:00.0000000', '2020-06-01T00:00:00.0000000', '2020-04-01T00:00:00.0000000', '2020-06-01T00:00:00.0000000', N'EDOWN1234567912', 2, 1, N'', 1, CAST(5 AS bigint), 3, N''),
(CAST(17 AS bigint), '2020-02-14T00:00:00.0000000', '2020-03-14T00:00:00.0000000', '2020-02-14T00:00:00.0000000', '2020-03-14T00:00:00.0000000', N'BLOOM1234567092', 1, 1, N'38640440481', 1, CAST(25 AS bigint), 1, N'38640440481'),
(CAST(18 AS bigint), '2020-02-14T00:00:00.0000000', '2020-03-14T00:00:00.0000000', '2020-02-14T00:00:00.0000000', '2020-03-14T00:00:00.0000000', N'BLOOM1234567291', 1, 1, N'38640440481', 1, CAST(25 AS bigint), 2, N'38640440481'),
(CAST(19 AS bigint), '2020-02-14T00:00:00.0000000', '2020-03-14T00:00:00.0000000', '2020-02-14T00:00:00.0000000', '2020-03-14T00:00:00.0000000', N'BLOOM1234567292', 1, 1, N'38640440481', 1, CAST(25 AS bigint), 1, N'38640440481'),
(CAST(20 AS bigint), '2020-02-14T00:00:00.0000000', '2020-03-14T00:00:00.0000000', '2020-02-14T00:00:00.0000000', '2020-03-14T00:00:00.0000000', N'BLOOM1234567293', 1, 1, N'38640440482', 1, CAST(25 AS bigint), 3, N'38640440482'),
(CAST(21 AS bigint), '2020-02-14T00:00:00.0000000', '2020-03-14T00:00:00.0000000', '2020-02-14T00:00:00.0000000', '2020-03-14T00:00:00.0000000', N'BLOOM1234567294', 1, 1, N'38640440482', 1, CAST(25 AS bigint), 3, N'38640440482'),
(CAST(49 AS bigint), '2020-02-14T00:00:00.0000000', '2020-03-14T00:00:00.0000000', '2020-02-14T00:00:00.0000000', '2020-03-14T00:00:00.0000000', N'BLOOM1234567295', 1, 1, N'38640440485', 1, CAST(25 AS bigint), 3, N'38640440485'),
(CAST(50 AS bigint), '2020-02-14T00:00:00.0000000', '2020-03-14T00:00:00.0000000', '2020-02-14T00:00:00.0000000', '2020-03-14T00:00:00.0000000', N'BLOOM1234567296', 1, 1, N'38640440486', 1, CAST(25 AS bigint), 2, N'38640440486'),
(CAST(31 AS bigint), '2020-02-01T00:00:00.0000000', '2020-03-01T00:00:00.0000000', '2020-02-01T00:00:00.0000000', '2020-03-01T00:00:00.0000000', N'YEAR12345990', 1, 1, N'38640440481', 1, CAST(26 AS bigint), 1, N'38640440481'),
(CAST(32 AS bigint), '2020-03-01T00:00:00.0000000', '2020-04-01T00:00:00.0000000', '2020-03-01T00:00:00.0000000', '2020-04-01T00:00:00.0000000', N'YEAR12345991', 1, 1, N'38640440481', 1, CAST(26 AS bigint), 1, N'38640440481'),
(CAST(33 AS bigint), '2020-04-01T00:00:00.0000000', '2020-05-01T00:00:00.0000000', '2020-04-01T00:00:00.0000000', '2020-05-01T00:00:00.0000000', N'YEAR12345992', 1, 1, N'38640440481', 1, CAST(26 AS bigint), 1, N'38640440481'),
(CAST(34 AS bigint), '2020-05-01T00:00:00.0000000', '2020-06-01T00:00:00.0000000', '2020-05-01T00:00:00.0000000', '2020-06-01T00:00:00.0000000', N'YEAR12345994', 1, 1, N'38640440481', 1, CAST(26 AS bigint), 1, N'38640440481'),
(CAST(35 AS bigint), '2020-04-01T00:00:00.0000000', '2020-05-01T00:00:00.0000000', '2020-04-01T00:00:00.0000000', '2020-05-01T00:00:00.0000000', N'YEAR12345092', 1, 1, N'38640440481', 1, CAST(26 AS bigint), 1, N'38640440481'),
(CAST(36 AS bigint), '2020-04-15T00:00:00.0000000', '2020-05-15T00:00:00.0000000', '2020-04-15T00:00:00.0000000', '2020-05-15T00:00:00.0000000', N'YEAR12345093', 2, 1, N'38640440481', 1, CAST(26 AS bigint), 1, N'38640440481'),
(CAST(37 AS bigint), '2020-04-08T00:00:00.0000000', '2020-04-18T00:00:00.0000000', '2020-04-08T00:00:00.0000000', '2020-04-18T00:00:00.0000000', N'YEAR12345094', 2, 1, N'38640440481', 1, CAST(26 AS bigint), 1, N'38640440481'),
(CAST(38 AS bigint), '2020-04-18T00:00:00.0000000', '2020-05-04T00:00:00.0000000', '2020-04-18T00:00:00.0000000', '2020-05-04T00:00:00.0000000', N'YEAR12345095', 2, 1, N'38640440482', 1, CAST(26 AS bigint), 3, N'38640440482'),
(CAST(47 AS bigint), '2020-04-08T00:00:00.0000000', '2020-04-18T00:00:00.0000000', '2020-04-08T00:00:00.0000000', '2020-04-18T00:00:00.0000000', N'YEAR12345096', 2, 1, N'38640440487', 1, CAST(26 AS bigint), 3, N'38640440487'),
(CAST(48 AS bigint), '2020-04-08T00:00:00.0000000', '2020-04-18T00:00:00.0000000', '2020-04-08T00:00:00.0000000', '2020-04-18T00:00:00.0000000', N'YEAR12345097', 2, 1, N'38640440487', 1, CAST(26 AS bigint), 2, N'38640440487'),
(CAST(25 AS bigint), '2020-05-01T00:00:00.0000000', '2020-09-01T00:00:00.0000000', '2020-05-01T00:00:00.0000000', '2020-09-01T00:00:00.0000000', N'SUMMER1234657391', 1, 1, N'38640440481', 1, CAST(3 AS bigint), 1, N'38640440481'),
(CAST(24 AS bigint), '2020-05-01T00:00:00.0000000', '2020-09-01T00:00:00.0000000', '2020-05-01T00:00:00.0000000', '2020-09-01T00:00:00.0000000', N'SUMMER1234657390', 1, 1, N'38640440482', 1, CAST(3 AS bigint), 1, N'38640440482'),
(CAST(52 AS bigint), '2020-05-01T00:00:00.0000000', '2020-09-01T00:00:00.0000000', '2020-05-01T00:00:00.0000000', '2020-09-01T00:00:00.0000000', N'SUMMER1234657493', 2, 1, N'38640440485', 1, CAST(3 AS bigint), 2, N'38640440485'),
(CAST(6 AS bigint), '2020-04-01T00:00:00.0000000', '2020-06-01T00:00:00.0000000', '2020-04-01T00:00:00.0000000', '2020-06-01T00:00:00.0000000', N'EASTER1234567895', 1, 1, N'', 1, CAST(2 AS bigint), 3, N''),
(CAST(2 AS bigint), '2020-04-01T00:00:00.0000000', '2020-06-01T00:00:00.0000000', '2020-04-01T00:00:00.0000000', '2020-06-01T00:00:00.0000000', N'EASTER1234567892', 1, 1, N'38640440481', 1, CAST(2 AS bigint), 2, N'38640440481'),
(CAST(3 AS bigint), '2020-04-01T00:00:00.0000000', '2020-06-01T00:00:00.0000000', '2020-04-01T00:00:00.0000000', '2020-06-01T00:00:00.0000000', N'EASTER1234567893', 1, 1, N'38640440482', 1, CAST(2 AS bigint), 2, N'38640440482'),
(CAST(4 AS bigint), '2020-04-01T00:00:00.0000000', '2020-06-01T00:00:00.0000000', '2020-04-01T00:00:00.0000000', '2020-06-01T00:00:00.0000000', N'EASTER1234567894', 1, 1, N'38640440483', 1, CAST(2 AS bigint), 1, N'38640440483'),
(CAST(5 AS bigint), '2020-04-01T00:00:00.0000000', '2020-06-01T00:00:00.0000000', '2020-04-01T00:00:00.0000000', '2020-06-01T00:00:00.0000000', N'EASTER1234567891', 1, 1, N'', 1, CAST(2 AS bigint), 4, N''),
(CAST(46 AS bigint), '2020-03-20T00:00:00.0000000', '2020-05-20T00:00:00.0000000', '2020-03-20T00:00:00.0000000', '2020-05-20T00:00:00.0000000', N'SPRING1234567191', 2, 1, N'38640440481', 1, CAST(1 AS bigint), 2, N'38640440481'),
(CAST(7 AS bigint), '2020-04-01T00:00:00.0000000', '2020-06-01T00:00:00.0000000', '2020-04-01T00:00:00.0000000', '2020-06-01T00:00:00.0000000', N'EASTER1234567113', 1, 1, N'', 1, CAST(2 AS bigint), 3, N''),
(CAST(29 AS bigint), '2020-04-01T00:00:00.0000000', '2020-05-01T00:00:00.0000000', '2020-04-01T00:00:00.0000000', '2020-05-01T00:00:00.0000000', N'EASTER1234456294', 1, 1, N'38640440481', 1, CAST(2 AS bigint), 1, N'38640440481'),
(CAST(30 AS bigint), '2020-04-01T00:00:00.0000000', '2020-05-01T00:00:00.0000000', '2020-04-01T00:00:00.0000000', '2020-05-01T00:00:00.0000000', N'EASTER1234456295', 1, 1, N'38640440482', 1, CAST(2 AS bigint), 1, N'38640440482'),
(CAST(39 AS bigint), '2020-04-01T00:00:00.0000000', '2020-06-01T00:00:00.0000000', '2020-04-01T00:00:00.0000000', '2020-06-01T00:00:00.0000000', N'EASTER1234567901', 3, 0, N'38591641146', 1, CAST(2 AS bigint), 2, N'38591641146'),
(CAST(40 AS bigint), '2020-04-01T00:00:00.0000000', '2020-05-01T00:00:00.0000000', '2020-04-01T00:00:00.0000000', '2020-05-01T00:00:00.0000000', N'EASTER1234567902', 3, 1, N'38591641146', 1, CAST(2 AS bigint), 2, N'38591641146'),
(CAST(41 AS bigint), '2020-04-12T00:00:00.0000000', '2020-05-12T00:00:00.0000000', '2020-04-12T00:00:00.0000000', '2020-05-12T00:00:00.0000000', N'EASTER1234567903', 3, 1, N'38591641146', 1, CAST(2 AS bigint), 1, N'38591641146'),
(CAST(23 AS bigint), '2020-03-20T00:00:00.0000000', '2020-04-20T00:00:00.0000000', '2020-03-20T00:00:00.0000000', '2020-04-20T00:00:00.0000000', N'SPRING1234657291', 2, 1, N'38640440482', 1, CAST(1 AS bigint), 4, N'38640440482'),
(CAST(45 AS bigint), '2020-03-20T00:00:00.0000000', '2020-05-20T00:00:00.0000000', '2020-03-20T00:00:00.0000000', '2020-05-20T00:00:00.0000000', N'SPRING1234567190', 2, 1, N'38640440481', 1, CAST(1 AS bigint), 3, N'38640440481'),
(CAST(16 AS bigint), '2020-03-20T00:00:00.0000000', '2020-05-20T00:00:00.0000000', '2020-03-20T00:00:00.0000000', '2020-05-20T00:00:00.0000000', N'SPRING1234567291', 2, 1, N'38640440481', 1, CAST(1 AS bigint), 4, N'38640440481'),
(CAST(42 AS bigint), '2020-04-01T00:00:00.0000000', '2020-05-01T00:00:00.0000000', '2020-04-01T00:00:00.0000000', '2020-05-01T00:00:00.0000000', N'EASTER1234567904', 3, 0, N'38591641147', 1, CAST(2 AS bigint), 1, N'38591641147'),
(CAST(43 AS bigint), '2020-04-01T00:00:00.0000000', '2020-05-01T00:00:00.0000000', '2020-04-01T00:00:00.0000000', '2020-05-01T00:00:00.0000000', N'EASTER1234567905', 3, 1, N'38591641148', 1, CAST(2 AS bigint), 3, N'38591641148'),
(CAST(44 AS bigint), '2020-04-01T00:00:00.0000000', '2020-05-01T00:00:00.0000000', '2020-04-01T00:00:00.0000000', '2020-05-01T00:00:00.0000000', N'EASTER1234567906', 3, 1, N'38591641148', 1, CAST(2 AS bigint), 2, N'38591641148'),
(CAST(15 AS bigint), '2020-03-20T00:00:00.0000000', '2020-05-20T00:00:00.0000000', '2020-03-20T00:00:00.0000000', '2020-05-20T00:00:00.0000000', N'SPRING1234567290', 2, 1, N'38640440481', 1, CAST(1 AS bigint), 3, N'38640440481'),
(CAST(22 AS bigint), '2020-03-20T00:00:00.0000000', '2020-04-20T00:00:00.0000000', '2020-03-20T00:00:00.0000000', '2020-04-20T00:00:00.0000000', N'SPRING1234567093', 2, 1, N'38640440482', 1, CAST(1 AS bigint), 3, N'38640440482');
IF EXISTS (SELECT * FROM [sys].[identity_columns] WHERE [name] IN (N'ID', N'AQUIRE_FROM', N'AQUIRE_TO', N'AWARD_FROM', N'AWARD_TO', N'CODE', N'COUPON_SERIES', N'ENABLED', N'HOLDER', N'MAX_REDEEM_NO', N'PROMOTION_ID', N'STATUS', N'USER') AND [object_id] = OBJECT_ID(N'[COUPON]'))
    SET IDENTITY_INSERT [COUPON] OFF;

GO

IF EXISTS (SELECT * FROM [sys].[identity_columns] WHERE [name] IN (N'PROMOTION_ID', N'AWARD_CHANNEL_ID') AND [object_id] = OBJECT_ID(N'[PROMOTION_AWARD_CHANNEL]'))
    SET IDENTITY_INSERT [PROMOTION_AWARD_CHANNEL] ON;
INSERT INTO [PROMOTION_AWARD_CHANNEL] ([PROMOTION_ID], [AWARD_CHANNEL_ID])
VALUES (CAST(1 AS bigint), CAST(3 AS bigint)),
(CAST(3 AS bigint), CAST(3 AS bigint)),
(CAST(3 AS bigint), CAST(4 AS bigint)),
(CAST(3 AS bigint), CAST(1 AS bigint)),
(CAST(11 AS bigint), CAST(1 AS bigint)),
(CAST(1 AS bigint), CAST(1 AS bigint)),
(CAST(2 AS bigint), CAST(3 AS bigint)),
(CAST(2 AS bigint), CAST(4 AS bigint)),
(CAST(2 AS bigint), CAST(5 AS bigint)),
(CAST(1 AS bigint), CAST(5 AS bigint));
IF EXISTS (SELECT * FROM [sys].[identity_columns] WHERE [name] IN (N'PROMOTION_ID', N'AWARD_CHANNEL_ID') AND [object_id] = OBJECT_ID(N'[PROMOTION_AWARD_CHANNEL]'))
    SET IDENTITY_INSERT [PROMOTION_AWARD_CHANNEL] OFF;

GO

IF EXISTS (SELECT * FROM [sys].[identity_columns] WHERE [name] IN (N'PROMOTION_ID', N'ISSUER_CHANNEL_ID') AND [object_id] = OBJECT_ID(N'[PROMOTION_ISSUER_CHANNEL]'))
    SET IDENTITY_INSERT [PROMOTION_ISSUER_CHANNEL] ON;
INSERT INTO [PROMOTION_ISSUER_CHANNEL] ([PROMOTION_ID], [ISSUER_CHANNEL_ID])
VALUES (CAST(2 AS bigint), CAST(4 AS bigint)),
(CAST(1 AS bigint), CAST(2 AS bigint)),
(CAST(1 AS bigint), CAST(1 AS bigint)),
(CAST(3 AS bigint), CAST(1 AS bigint)),
(CAST(3 AS bigint), CAST(4 AS bigint)),
(CAST(2 AS bigint), CAST(5 AS bigint)),
(CAST(11 AS bigint), CAST(2 AS bigint)),
(CAST(2 AS bigint), CAST(1 AS bigint)),
(CAST(1 AS bigint), CAST(5 AS bigint)),
(CAST(3 AS bigint), CAST(5 AS bigint));
IF EXISTS (SELECT * FROM [sys].[identity_columns] WHERE [name] IN (N'PROMOTION_ID', N'ISSUER_CHANNEL_ID') AND [object_id] = OBJECT_ID(N'[PROMOTION_ISSUER_CHANNEL]'))
    SET IDENTITY_INSERT [PROMOTION_ISSUER_CHANNEL] OFF;

GO

IF EXISTS (SELECT * FROM [sys].[identity_columns] WHERE [name] IN (N'PROMOTION_ID', N'PROPERTY_ID') AND [object_id] = OBJECT_ID(N'[PROMOTION_PROPERTY]'))
    SET IDENTITY_INSERT [PROMOTION_PROPERTY] ON;
INSERT INTO [PROMOTION_PROPERTY] ([PROMOTION_ID], [PROPERTY_ID])
VALUES (CAST(2 AS bigint), CAST(6 AS bigint)),
(CAST(2 AS bigint), CAST(1 AS bigint)),
(CAST(11 AS bigint), CAST(1 AS bigint)),
(CAST(1 AS bigint), CAST(2 AS bigint)),
(CAST(7 AS bigint), CAST(2 AS bigint)),
(CAST(1 AS bigint), CAST(4 AS bigint)),
(CAST(5 AS bigint), CAST(4 AS bigint)),
(CAST(3 AS bigint), CAST(6 AS bigint));
IF EXISTS (SELECT * FROM [sys].[identity_columns] WHERE [name] IN (N'PROMOTION_ID', N'PROPERTY_ID') AND [object_id] = OBJECT_ID(N'[PROMOTION_PROPERTY]'))
    SET IDENTITY_INSERT [PROMOTION_PROPERTY] OFF;

GO

IF EXISTS (SELECT * FROM [sys].[identity_columns] WHERE [name] IN (N'COUPON_ID', N'AWARD_CHANNEL_ID') AND [object_id] = OBJECT_ID(N'[COUPON_AWARD_CHANNEL]'))
    SET IDENTITY_INSERT [COUPON_AWARD_CHANNEL] ON;
INSERT INTO [COUPON_AWARD_CHANNEL] ([COUPON_ID], [AWARD_CHANNEL_ID])
VALUES (CAST(15 AS bigint), CAST(5 AS bigint)),
(CAST(48 AS bigint), CAST(4 AS bigint)),
(CAST(20 AS bigint), CAST(3 AS bigint)),
(CAST(44 AS bigint), CAST(1 AS bigint)),
(CAST(43 AS bigint), CAST(1 AS bigint)),
(CAST(21 AS bigint), CAST(3 AS bigint)),
(CAST(7 AS bigint), CAST(5 AS bigint)),
(CAST(49 AS bigint), CAST(5 AS bigint)),
(CAST(50 AS bigint), CAST(5 AS bigint)),
(CAST(6 AS bigint), CAST(1 AS bigint)),
(CAST(38 AS bigint), CAST(1 AS bigint)),
(CAST(46 AS bigint), CAST(3 AS bigint)),
(CAST(45 AS bigint), CAST(3 AS bigint)),
(CAST(47 AS bigint), CAST(4 AS bigint)),
(CAST(22 AS bigint), CAST(5 AS bigint)),
(CAST(13 AS bigint), CAST(1 AS bigint));
IF EXISTS (SELECT * FROM [sys].[identity_columns] WHERE [name] IN (N'COUPON_ID', N'AWARD_CHANNEL_ID') AND [object_id] = OBJECT_ID(N'[COUPON_AWARD_CHANNEL]'))
    SET IDENTITY_INSERT [COUPON_AWARD_CHANNEL] OFF;

GO

IF EXISTS (SELECT * FROM [sys].[identity_columns] WHERE [name] IN (N'COUPON_ID', N'ISSUER_CHANNEL_ID') AND [object_id] = OBJECT_ID(N'[COUPON_ISSUER_CHANNEL]'))
    SET IDENTITY_INSERT [COUPON_ISSUER_CHANNEL] ON;
INSERT INTO [COUPON_ISSUER_CHANNEL] ([COUPON_ID], [ISSUER_CHANNEL_ID])
VALUES (CAST(49 AS bigint), CAST(5 AS bigint)),
(CAST(13 AS bigint), CAST(1 AS bigint)),
(CAST(21 AS bigint), CAST(3 AS bigint)),
(CAST(38 AS bigint), CAST(1 AS bigint)),
(CAST(20 AS bigint), CAST(3 AS bigint)),
(CAST(19 AS bigint), CAST(5 AS bigint)),
(CAST(18 AS bigint), CAST(5 AS bigint)),
(CAST(47 AS bigint), CAST(4 AS bigint)),
(CAST(17 AS bigint), CAST(5 AS bigint)),
(CAST(50 AS bigint), CAST(5 AS bigint)),
(CAST(8 AS bigint), CAST(4 AS bigint)),
(CAST(11 AS bigint), CAST(1 AS bigint)),
(CAST(15 AS bigint), CAST(5 AS bigint)),
(CAST(22 AS bigint), CAST(5 AS bigint)),
(CAST(45 AS bigint), CAST(3 AS bigint)),
(CAST(46 AS bigint), CAST(3 AS bigint)),
(CAST(2 AS bigint), CAST(1 AS bigint)),
(CAST(3 AS bigint), CAST(1 AS bigint)),
(CAST(4 AS bigint), CAST(1 AS bigint)),
(CAST(12 AS bigint), CAST(3 AS bigint)),
(CAST(5 AS bigint), CAST(5 AS bigint)),
(CAST(7 AS bigint), CAST(5 AS bigint)),
(CAST(43 AS bigint), CAST(1 AS bigint)),
(CAST(44 AS bigint), CAST(1 AS bigint)),
(CAST(51 AS bigint), CAST(2 AS bigint)),
(CAST(52 AS bigint), CAST(2 AS bigint)),
(CAST(9 AS bigint), CAST(5 AS bigint)),
(CAST(10 AS bigint), CAST(2 AS bigint)),
(CAST(6 AS bigint), CAST(1 AS bigint)),
(CAST(48 AS bigint), CAST(4 AS bigint));
IF EXISTS (SELECT * FROM [sys].[identity_columns] WHERE [name] IN (N'COUPON_ID', N'ISSUER_CHANNEL_ID') AND [object_id] = OBJECT_ID(N'[COUPON_ISSUER_CHANNEL]'))
    SET IDENTITY_INSERT [COUPON_ISSUER_CHANNEL] OFF;

GO

CREATE UNIQUE INDEX [IX_COUPON_CODE] ON [COUPON] ([CODE]) WHERE [CODE] IS NOT NULL;

GO

CREATE INDEX [IX_COUPON_PROMOTION_ID] ON [COUPON] ([PROMOTION_ID]);

GO

CREATE INDEX [IX_COUPON_AWARD_CHANNEL_AWARD_CHANNEL_ID] ON [COUPON_AWARD_CHANNEL] ([AWARD_CHANNEL_ID]);

GO

CREATE INDEX [IX_COUPON_HISTORY_COUPON_ID] ON [COUPON_HISTORY] ([COUPON_ID]);

GO

CREATE INDEX [IX_COUPON_ISSUER_CHANNEL_ISSUER_CHANNEL_ID] ON [COUPON_ISSUER_CHANNEL] ([ISSUER_CHANNEL_ID]);

GO

CREATE INDEX [IX_NOTIFY_LIST_CHANNEL_ID] ON [NOTIFY_LIST] ([CHANNEL_ID]);

GO

CREATE UNIQUE INDEX [IX_PROMOTION_CODE] ON [PROMOTION] ([CODE]);

GO

CREATE INDEX [IX_PROMOTION_AWARD_CHANNEL_AWARD_CHANNEL_ID] ON [PROMOTION_AWARD_CHANNEL] ([AWARD_CHANNEL_ID]);

GO

CREATE INDEX [IX_PROMOTION_ISSUER_CHANNEL_ISSUER_CHANNEL_ID] ON [PROMOTION_ISSUER_CHANNEL] ([ISSUER_CHANNEL_ID]);

GO

CREATE INDEX [IX_PROMOTION_PROPERTY_PROPERTY_ID] ON [PROMOTION_PROPERTY] ([PROPERTY_ID]);

GO

CREATE UNIQUE INDEX [IX_SYSTEM_NAME] ON [SYSTEM] ([NAME]) WHERE [NAME] IS NOT NULL;

GO

INSERT INTO [__EFMigrationsHistory] ([MigrationId], [ProductVersion])
VALUES (N'20200612202049_Init', N'2.2.6-servicing-10079');

GO

DELETE FROM [ACCESS_LOG]
WHERE [ID] = CAST(1 AS bigint);
SELECT @@ROWCOUNT;


GO

DELETE FROM [ACCESS_LOG]
WHERE [ID] = CAST(2 AS bigint);
SELECT @@ROWCOUNT;


GO

DELETE FROM [APPL_USER]
WHERE [USERNAME] = N'ljubo';
SELECT @@ROWCOUNT;


GO

DELETE FROM [APPL_USER]
WHERE [USERNAME] = N'traktor';
SELECT @@ROWCOUNT;


GO

DELETE FROM [COUPON]
WHERE [ID] = CAST(14 AS bigint);
SELECT @@ROWCOUNT;


GO

DELETE FROM [COUPON]
WHERE [ID] = CAST(16 AS bigint);
SELECT @@ROWCOUNT;


GO

DELETE FROM [COUPON]
WHERE [ID] = CAST(23 AS bigint);
SELECT @@ROWCOUNT;


GO

DELETE FROM [COUPON]
WHERE [ID] = CAST(24 AS bigint);
SELECT @@ROWCOUNT;


GO

DELETE FROM [COUPON]
WHERE [ID] = CAST(25 AS bigint);
SELECT @@ROWCOUNT;


GO

DELETE FROM [COUPON]
WHERE [ID] = CAST(26 AS bigint);
SELECT @@ROWCOUNT;


GO

DELETE FROM [COUPON]
WHERE [ID] = CAST(27 AS bigint);
SELECT @@ROWCOUNT;


GO

DELETE FROM [COUPON]
WHERE [ID] = CAST(28 AS bigint);
SELECT @@ROWCOUNT;


GO

DELETE FROM [COUPON]
WHERE [ID] = CAST(29 AS bigint);
SELECT @@ROWCOUNT;


GO

DELETE FROM [COUPON]
WHERE [ID] = CAST(30 AS bigint);
SELECT @@ROWCOUNT;


GO

DELETE FROM [COUPON]
WHERE [ID] = CAST(31 AS bigint);
SELECT @@ROWCOUNT;


GO

DELETE FROM [COUPON]
WHERE [ID] = CAST(32 AS bigint);
SELECT @@ROWCOUNT;


GO

DELETE FROM [COUPON]
WHERE [ID] = CAST(33 AS bigint);
SELECT @@ROWCOUNT;


GO

DELETE FROM [COUPON]
WHERE [ID] = CAST(34 AS bigint);
SELECT @@ROWCOUNT;


GO

DELETE FROM [COUPON]
WHERE [ID] = CAST(35 AS bigint);
SELECT @@ROWCOUNT;


GO

DELETE FROM [COUPON]
WHERE [ID] = CAST(36 AS bigint);
SELECT @@ROWCOUNT;


GO

DELETE FROM [COUPON]
WHERE [ID] = CAST(37 AS bigint);
SELECT @@ROWCOUNT;


GO

DELETE FROM [COUPON]
WHERE [ID] = CAST(39 AS bigint);
SELECT @@ROWCOUNT;


GO

DELETE FROM [COUPON]
WHERE [ID] = CAST(40 AS bigint);
SELECT @@ROWCOUNT;


GO

DELETE FROM [COUPON]
WHERE [ID] = CAST(41 AS bigint);
SELECT @@ROWCOUNT;


GO

DELETE FROM [COUPON]
WHERE [ID] = CAST(42 AS bigint);
SELECT @@ROWCOUNT;


GO

DELETE FROM [COUPON_AWARD_CHANNEL]
WHERE [COUPON_ID] = CAST(6 AS bigint) AND [AWARD_CHANNEL_ID] = CAST(1 AS bigint);
SELECT @@ROWCOUNT;


GO

DELETE FROM [COUPON_AWARD_CHANNEL]
WHERE [COUPON_ID] = CAST(7 AS bigint) AND [AWARD_CHANNEL_ID] = CAST(5 AS bigint);
SELECT @@ROWCOUNT;


GO

DELETE FROM [COUPON_AWARD_CHANNEL]
WHERE [COUPON_ID] = CAST(13 AS bigint) AND [AWARD_CHANNEL_ID] = CAST(1 AS bigint);
SELECT @@ROWCOUNT;


GO

DELETE FROM [COUPON_AWARD_CHANNEL]
WHERE [COUPON_ID] = CAST(15 AS bigint) AND [AWARD_CHANNEL_ID] = CAST(5 AS bigint);
SELECT @@ROWCOUNT;


GO

DELETE FROM [COUPON_AWARD_CHANNEL]
WHERE [COUPON_ID] = CAST(20 AS bigint) AND [AWARD_CHANNEL_ID] = CAST(3 AS bigint);
SELECT @@ROWCOUNT;


GO

DELETE FROM [COUPON_AWARD_CHANNEL]
WHERE [COUPON_ID] = CAST(21 AS bigint) AND [AWARD_CHANNEL_ID] = CAST(3 AS bigint);
SELECT @@ROWCOUNT;


GO

DELETE FROM [COUPON_AWARD_CHANNEL]
WHERE [COUPON_ID] = CAST(22 AS bigint) AND [AWARD_CHANNEL_ID] = CAST(5 AS bigint);
SELECT @@ROWCOUNT;


GO

DELETE FROM [COUPON_AWARD_CHANNEL]
WHERE [COUPON_ID] = CAST(38 AS bigint) AND [AWARD_CHANNEL_ID] = CAST(1 AS bigint);
SELECT @@ROWCOUNT;


GO

DELETE FROM [COUPON_AWARD_CHANNEL]
WHERE [COUPON_ID] = CAST(43 AS bigint) AND [AWARD_CHANNEL_ID] = CAST(1 AS bigint);
SELECT @@ROWCOUNT;


GO

DELETE FROM [COUPON_AWARD_CHANNEL]
WHERE [COUPON_ID] = CAST(44 AS bigint) AND [AWARD_CHANNEL_ID] = CAST(1 AS bigint);
SELECT @@ROWCOUNT;


GO

DELETE FROM [COUPON_AWARD_CHANNEL]
WHERE [COUPON_ID] = CAST(45 AS bigint) AND [AWARD_CHANNEL_ID] = CAST(3 AS bigint);
SELECT @@ROWCOUNT;


GO

DELETE FROM [COUPON_AWARD_CHANNEL]
WHERE [COUPON_ID] = CAST(46 AS bigint) AND [AWARD_CHANNEL_ID] = CAST(3 AS bigint);
SELECT @@ROWCOUNT;


GO

DELETE FROM [COUPON_AWARD_CHANNEL]
WHERE [COUPON_ID] = CAST(47 AS bigint) AND [AWARD_CHANNEL_ID] = CAST(4 AS bigint);
SELECT @@ROWCOUNT;


GO

DELETE FROM [COUPON_AWARD_CHANNEL]
WHERE [COUPON_ID] = CAST(48 AS bigint) AND [AWARD_CHANNEL_ID] = CAST(4 AS bigint);
SELECT @@ROWCOUNT;


GO

DELETE FROM [COUPON_AWARD_CHANNEL]
WHERE [COUPON_ID] = CAST(49 AS bigint) AND [AWARD_CHANNEL_ID] = CAST(5 AS bigint);
SELECT @@ROWCOUNT;


GO

DELETE FROM [COUPON_AWARD_CHANNEL]
WHERE [COUPON_ID] = CAST(50 AS bigint) AND [AWARD_CHANNEL_ID] = CAST(5 AS bigint);
SELECT @@ROWCOUNT;


GO

DELETE FROM [COUPON_ISSUER_CHANNEL]
WHERE [COUPON_ID] = CAST(2 AS bigint) AND [ISSUER_CHANNEL_ID] = CAST(1 AS bigint);
SELECT @@ROWCOUNT;


GO

DELETE FROM [COUPON_ISSUER_CHANNEL]
WHERE [COUPON_ID] = CAST(3 AS bigint) AND [ISSUER_CHANNEL_ID] = CAST(1 AS bigint);
SELECT @@ROWCOUNT;


GO

DELETE FROM [COUPON_ISSUER_CHANNEL]
WHERE [COUPON_ID] = CAST(4 AS bigint) AND [ISSUER_CHANNEL_ID] = CAST(1 AS bigint);
SELECT @@ROWCOUNT;


GO

DELETE FROM [COUPON_ISSUER_CHANNEL]
WHERE [COUPON_ID] = CAST(5 AS bigint) AND [ISSUER_CHANNEL_ID] = CAST(5 AS bigint);
SELECT @@ROWCOUNT;


GO

DELETE FROM [COUPON_ISSUER_CHANNEL]
WHERE [COUPON_ID] = CAST(6 AS bigint) AND [ISSUER_CHANNEL_ID] = CAST(1 AS bigint);
SELECT @@ROWCOUNT;


GO

DELETE FROM [COUPON_ISSUER_CHANNEL]
WHERE [COUPON_ID] = CAST(7 AS bigint) AND [ISSUER_CHANNEL_ID] = CAST(5 AS bigint);
SELECT @@ROWCOUNT;


GO

DELETE FROM [COUPON_ISSUER_CHANNEL]
WHERE [COUPON_ID] = CAST(8 AS bigint) AND [ISSUER_CHANNEL_ID] = CAST(4 AS bigint);
SELECT @@ROWCOUNT;


GO

DELETE FROM [COUPON_ISSUER_CHANNEL]
WHERE [COUPON_ID] = CAST(9 AS bigint) AND [ISSUER_CHANNEL_ID] = CAST(5 AS bigint);
SELECT @@ROWCOUNT;


GO

DELETE FROM [COUPON_ISSUER_CHANNEL]
WHERE [COUPON_ID] = CAST(10 AS bigint) AND [ISSUER_CHANNEL_ID] = CAST(2 AS bigint);
SELECT @@ROWCOUNT;


GO

DELETE FROM [COUPON_ISSUER_CHANNEL]
WHERE [COUPON_ID] = CAST(11 AS bigint) AND [ISSUER_CHANNEL_ID] = CAST(1 AS bigint);
SELECT @@ROWCOUNT;


GO

DELETE FROM [COUPON_ISSUER_CHANNEL]
WHERE [COUPON_ID] = CAST(12 AS bigint) AND [ISSUER_CHANNEL_ID] = CAST(3 AS bigint);
SELECT @@ROWCOUNT;


GO

DELETE FROM [COUPON_ISSUER_CHANNEL]
WHERE [COUPON_ID] = CAST(13 AS bigint) AND [ISSUER_CHANNEL_ID] = CAST(1 AS bigint);
SELECT @@ROWCOUNT;


GO

DELETE FROM [COUPON_ISSUER_CHANNEL]
WHERE [COUPON_ID] = CAST(15 AS bigint) AND [ISSUER_CHANNEL_ID] = CAST(5 AS bigint);
SELECT @@ROWCOUNT;


GO

DELETE FROM [COUPON_ISSUER_CHANNEL]
WHERE [COUPON_ID] = CAST(17 AS bigint) AND [ISSUER_CHANNEL_ID] = CAST(5 AS bigint);
SELECT @@ROWCOUNT;


GO

DELETE FROM [COUPON_ISSUER_CHANNEL]
WHERE [COUPON_ID] = CAST(18 AS bigint) AND [ISSUER_CHANNEL_ID] = CAST(5 AS bigint);
SELECT @@ROWCOUNT;


GO

DELETE FROM [COUPON_ISSUER_CHANNEL]
WHERE [COUPON_ID] = CAST(19 AS bigint) AND [ISSUER_CHANNEL_ID] = CAST(5 AS bigint);
SELECT @@ROWCOUNT;


GO

DELETE FROM [COUPON_ISSUER_CHANNEL]
WHERE [COUPON_ID] = CAST(20 AS bigint) AND [ISSUER_CHANNEL_ID] = CAST(3 AS bigint);
SELECT @@ROWCOUNT;


GO

DELETE FROM [COUPON_ISSUER_CHANNEL]
WHERE [COUPON_ID] = CAST(21 AS bigint) AND [ISSUER_CHANNEL_ID] = CAST(3 AS bigint);
SELECT @@ROWCOUNT;


GO

DELETE FROM [COUPON_ISSUER_CHANNEL]
WHERE [COUPON_ID] = CAST(22 AS bigint) AND [ISSUER_CHANNEL_ID] = CAST(5 AS bigint);
SELECT @@ROWCOUNT;


GO

DELETE FROM [COUPON_ISSUER_CHANNEL]
WHERE [COUPON_ID] = CAST(38 AS bigint) AND [ISSUER_CHANNEL_ID] = CAST(1 AS bigint);
SELECT @@ROWCOUNT;


GO

DELETE FROM [COUPON_ISSUER_CHANNEL]
WHERE [COUPON_ID] = CAST(43 AS bigint) AND [ISSUER_CHANNEL_ID] = CAST(1 AS bigint);
SELECT @@ROWCOUNT;


GO

DELETE FROM [COUPON_ISSUER_CHANNEL]
WHERE [COUPON_ID] = CAST(44 AS bigint) AND [ISSUER_CHANNEL_ID] = CAST(1 AS bigint);
SELECT @@ROWCOUNT;


GO

DELETE FROM [COUPON_ISSUER_CHANNEL]
WHERE [COUPON_ID] = CAST(45 AS bigint) AND [ISSUER_CHANNEL_ID] = CAST(3 AS bigint);
SELECT @@ROWCOUNT;


GO

DELETE FROM [COUPON_ISSUER_CHANNEL]
WHERE [COUPON_ID] = CAST(46 AS bigint) AND [ISSUER_CHANNEL_ID] = CAST(3 AS bigint);
SELECT @@ROWCOUNT;


GO

DELETE FROM [COUPON_ISSUER_CHANNEL]
WHERE [COUPON_ID] = CAST(47 AS bigint) AND [ISSUER_CHANNEL_ID] = CAST(4 AS bigint);
SELECT @@ROWCOUNT;


GO

DELETE FROM [COUPON_ISSUER_CHANNEL]
WHERE [COUPON_ID] = CAST(48 AS bigint) AND [ISSUER_CHANNEL_ID] = CAST(4 AS bigint);
SELECT @@ROWCOUNT;


GO

DELETE FROM [COUPON_ISSUER_CHANNEL]
WHERE [COUPON_ID] = CAST(49 AS bigint) AND [ISSUER_CHANNEL_ID] = CAST(5 AS bigint);
SELECT @@ROWCOUNT;


GO

DELETE FROM [COUPON_ISSUER_CHANNEL]
WHERE [COUPON_ID] = CAST(50 AS bigint) AND [ISSUER_CHANNEL_ID] = CAST(5 AS bigint);
SELECT @@ROWCOUNT;


GO

DELETE FROM [COUPON_ISSUER_CHANNEL]
WHERE [COUPON_ID] = CAST(51 AS bigint) AND [ISSUER_CHANNEL_ID] = CAST(2 AS bigint);
SELECT @@ROWCOUNT;


GO

DELETE FROM [COUPON_ISSUER_CHANNEL]
WHERE [COUPON_ID] = CAST(52 AS bigint) AND [ISSUER_CHANNEL_ID] = CAST(2 AS bigint);
SELECT @@ROWCOUNT;


GO

DELETE FROM [PROMOTION]
WHERE [ID] = CAST(4 AS bigint);
SELECT @@ROWCOUNT;


GO

DELETE FROM [PROMOTION]
WHERE [ID] = CAST(6 AS bigint);
SELECT @@ROWCOUNT;


GO

DELETE FROM [PROMOTION]
WHERE [ID] = CAST(8 AS bigint);
SELECT @@ROWCOUNT;


GO

DELETE FROM [PROMOTION]
WHERE [ID] = CAST(9 AS bigint);
SELECT @@ROWCOUNT;


GO

DELETE FROM [PROMOTION]
WHERE [ID] = CAST(10 AS bigint);
SELECT @@ROWCOUNT;


GO

DELETE FROM [PROMOTION]
WHERE [ID] = CAST(12 AS bigint);
SELECT @@ROWCOUNT;


GO

DELETE FROM [PROMOTION]
WHERE [ID] = CAST(13 AS bigint);
SELECT @@ROWCOUNT;


GO

DELETE FROM [PROMOTION]
WHERE [ID] = CAST(14 AS bigint);
SELECT @@ROWCOUNT;


GO

DELETE FROM [PROMOTION]
WHERE [ID] = CAST(15 AS bigint);
SELECT @@ROWCOUNT;


GO

DELETE FROM [PROMOTION]
WHERE [ID] = CAST(16 AS bigint);
SELECT @@ROWCOUNT;


GO

DELETE FROM [PROMOTION]
WHERE [ID] = CAST(17 AS bigint);
SELECT @@ROWCOUNT;


GO

DELETE FROM [PROMOTION]
WHERE [ID] = CAST(18 AS bigint);
SELECT @@ROWCOUNT;


GO

DELETE FROM [PROMOTION]
WHERE [ID] = CAST(19 AS bigint);
SELECT @@ROWCOUNT;


GO

DELETE FROM [PROMOTION]
WHERE [ID] = CAST(20 AS bigint);
SELECT @@ROWCOUNT;


GO

DELETE FROM [PROMOTION]
WHERE [ID] = CAST(21 AS bigint);
SELECT @@ROWCOUNT;


GO

DELETE FROM [PROMOTION]
WHERE [ID] = CAST(22 AS bigint);
SELECT @@ROWCOUNT;


GO

DELETE FROM [PROMOTION]
WHERE [ID] = CAST(23 AS bigint);
SELECT @@ROWCOUNT;


GO

DELETE FROM [PROMOTION]
WHERE [ID] = CAST(24 AS bigint);
SELECT @@ROWCOUNT;


GO

DELETE FROM [PROMOTION_AWARD_CHANNEL]
WHERE [PROMOTION_ID] = CAST(1 AS bigint) AND [AWARD_CHANNEL_ID] = CAST(1 AS bigint);
SELECT @@ROWCOUNT;


GO

DELETE FROM [PROMOTION_AWARD_CHANNEL]
WHERE [PROMOTION_ID] = CAST(1 AS bigint) AND [AWARD_CHANNEL_ID] = CAST(3 AS bigint);
SELECT @@ROWCOUNT;


GO

DELETE FROM [PROMOTION_AWARD_CHANNEL]
WHERE [PROMOTION_ID] = CAST(1 AS bigint) AND [AWARD_CHANNEL_ID] = CAST(5 AS bigint);
SELECT @@ROWCOUNT;


GO

DELETE FROM [PROMOTION_AWARD_CHANNEL]
WHERE [PROMOTION_ID] = CAST(2 AS bigint) AND [AWARD_CHANNEL_ID] = CAST(3 AS bigint);
SELECT @@ROWCOUNT;


GO

DELETE FROM [PROMOTION_AWARD_CHANNEL]
WHERE [PROMOTION_ID] = CAST(2 AS bigint) AND [AWARD_CHANNEL_ID] = CAST(4 AS bigint);
SELECT @@ROWCOUNT;


GO

DELETE FROM [PROMOTION_AWARD_CHANNEL]
WHERE [PROMOTION_ID] = CAST(2 AS bigint) AND [AWARD_CHANNEL_ID] = CAST(5 AS bigint);
SELECT @@ROWCOUNT;


GO

DELETE FROM [PROMOTION_AWARD_CHANNEL]
WHERE [PROMOTION_ID] = CAST(3 AS bigint) AND [AWARD_CHANNEL_ID] = CAST(1 AS bigint);
SELECT @@ROWCOUNT;


GO

DELETE FROM [PROMOTION_AWARD_CHANNEL]
WHERE [PROMOTION_ID] = CAST(3 AS bigint) AND [AWARD_CHANNEL_ID] = CAST(3 AS bigint);
SELECT @@ROWCOUNT;


GO

DELETE FROM [PROMOTION_AWARD_CHANNEL]
WHERE [PROMOTION_ID] = CAST(3 AS bigint) AND [AWARD_CHANNEL_ID] = CAST(4 AS bigint);
SELECT @@ROWCOUNT;


GO

DELETE FROM [PROMOTION_AWARD_CHANNEL]
WHERE [PROMOTION_ID] = CAST(11 AS bigint) AND [AWARD_CHANNEL_ID] = CAST(1 AS bigint);
SELECT @@ROWCOUNT;


GO

DELETE FROM [PROMOTION_ISSUER_CHANNEL]
WHERE [PROMOTION_ID] = CAST(1 AS bigint) AND [ISSUER_CHANNEL_ID] = CAST(1 AS bigint);
SELECT @@ROWCOUNT;


GO

DELETE FROM [PROMOTION_ISSUER_CHANNEL]
WHERE [PROMOTION_ID] = CAST(1 AS bigint) AND [ISSUER_CHANNEL_ID] = CAST(2 AS bigint);
SELECT @@ROWCOUNT;


GO

DELETE FROM [PROMOTION_ISSUER_CHANNEL]
WHERE [PROMOTION_ID] = CAST(1 AS bigint) AND [ISSUER_CHANNEL_ID] = CAST(5 AS bigint);
SELECT @@ROWCOUNT;


GO

DELETE FROM [PROMOTION_ISSUER_CHANNEL]
WHERE [PROMOTION_ID] = CAST(2 AS bigint) AND [ISSUER_CHANNEL_ID] = CAST(1 AS bigint);
SELECT @@ROWCOUNT;


GO

DELETE FROM [PROMOTION_ISSUER_CHANNEL]
WHERE [PROMOTION_ID] = CAST(2 AS bigint) AND [ISSUER_CHANNEL_ID] = CAST(4 AS bigint);
SELECT @@ROWCOUNT;


GO

DELETE FROM [PROMOTION_ISSUER_CHANNEL]
WHERE [PROMOTION_ID] = CAST(2 AS bigint) AND [ISSUER_CHANNEL_ID] = CAST(5 AS bigint);
SELECT @@ROWCOUNT;


GO

DELETE FROM [PROMOTION_ISSUER_CHANNEL]
WHERE [PROMOTION_ID] = CAST(3 AS bigint) AND [ISSUER_CHANNEL_ID] = CAST(1 AS bigint);
SELECT @@ROWCOUNT;


GO

DELETE FROM [PROMOTION_ISSUER_CHANNEL]
WHERE [PROMOTION_ID] = CAST(3 AS bigint) AND [ISSUER_CHANNEL_ID] = CAST(4 AS bigint);
SELECT @@ROWCOUNT;


GO

DELETE FROM [PROMOTION_ISSUER_CHANNEL]
WHERE [PROMOTION_ID] = CAST(3 AS bigint) AND [ISSUER_CHANNEL_ID] = CAST(5 AS bigint);
SELECT @@ROWCOUNT;


GO

DELETE FROM [PROMOTION_ISSUER_CHANNEL]
WHERE [PROMOTION_ID] = CAST(11 AS bigint) AND [ISSUER_CHANNEL_ID] = CAST(2 AS bigint);
SELECT @@ROWCOUNT;


GO

DELETE FROM [PROMOTION_PROPERTY]
WHERE [PROMOTION_ID] = CAST(1 AS bigint) AND [PROPERTY_ID] = CAST(2 AS bigint);
SELECT @@ROWCOUNT;


GO

DELETE FROM [PROMOTION_PROPERTY]
WHERE [PROMOTION_ID] = CAST(1 AS bigint) AND [PROPERTY_ID] = CAST(4 AS bigint);
SELECT @@ROWCOUNT;


GO

DELETE FROM [PROMOTION_PROPERTY]
WHERE [PROMOTION_ID] = CAST(2 AS bigint) AND [PROPERTY_ID] = CAST(1 AS bigint);
SELECT @@ROWCOUNT;


GO

DELETE FROM [PROMOTION_PROPERTY]
WHERE [PROMOTION_ID] = CAST(2 AS bigint) AND [PROPERTY_ID] = CAST(6 AS bigint);
SELECT @@ROWCOUNT;


GO

DELETE FROM [PROMOTION_PROPERTY]
WHERE [PROMOTION_ID] = CAST(3 AS bigint) AND [PROPERTY_ID] = CAST(6 AS bigint);
SELECT @@ROWCOUNT;


GO

DELETE FROM [PROMOTION_PROPERTY]
WHERE [PROMOTION_ID] = CAST(5 AS bigint) AND [PROPERTY_ID] = CAST(4 AS bigint);
SELECT @@ROWCOUNT;


GO

DELETE FROM [PROMOTION_PROPERTY]
WHERE [PROMOTION_ID] = CAST(7 AS bigint) AND [PROPERTY_ID] = CAST(2 AS bigint);
SELECT @@ROWCOUNT;


GO

DELETE FROM [PROMOTION_PROPERTY]
WHERE [PROMOTION_ID] = CAST(11 AS bigint) AND [PROPERTY_ID] = CAST(1 AS bigint);
SELECT @@ROWCOUNT;


GO

DELETE FROM [SYSTEM]
WHERE [ID] = CAST(1 AS bigint);
SELECT @@ROWCOUNT;


GO

DELETE FROM [SYSTEM]
WHERE [ID] = CAST(2 AS bigint);
SELECT @@ROWCOUNT;


GO

DELETE FROM [COUPON]
WHERE [ID] = CAST(2 AS bigint);
SELECT @@ROWCOUNT;


GO

DELETE FROM [COUPON]
WHERE [ID] = CAST(3 AS bigint);
SELECT @@ROWCOUNT;


GO

DELETE FROM [COUPON]
WHERE [ID] = CAST(4 AS bigint);
SELECT @@ROWCOUNT;


GO

DELETE FROM [COUPON]
WHERE [ID] = CAST(5 AS bigint);
SELECT @@ROWCOUNT;


GO

DELETE FROM [COUPON]
WHERE [ID] = CAST(6 AS bigint);
SELECT @@ROWCOUNT;


GO

DELETE FROM [COUPON]
WHERE [ID] = CAST(7 AS bigint);
SELECT @@ROWCOUNT;


GO

DELETE FROM [COUPON]
WHERE [ID] = CAST(8 AS bigint);
SELECT @@ROWCOUNT;


GO

DELETE FROM [COUPON]
WHERE [ID] = CAST(9 AS bigint);
SELECT @@ROWCOUNT;


GO

DELETE FROM [COUPON]
WHERE [ID] = CAST(10 AS bigint);
SELECT @@ROWCOUNT;


GO

DELETE FROM [COUPON]
WHERE [ID] = CAST(11 AS bigint);
SELECT @@ROWCOUNT;


GO

DELETE FROM [COUPON]
WHERE [ID] = CAST(12 AS bigint);
SELECT @@ROWCOUNT;


GO

DELETE FROM [COUPON]
WHERE [ID] = CAST(13 AS bigint);
SELECT @@ROWCOUNT;


GO

DELETE FROM [COUPON]
WHERE [ID] = CAST(15 AS bigint);
SELECT @@ROWCOUNT;


GO

DELETE FROM [COUPON]
WHERE [ID] = CAST(17 AS bigint);
SELECT @@ROWCOUNT;


GO

DELETE FROM [COUPON]
WHERE [ID] = CAST(18 AS bigint);
SELECT @@ROWCOUNT;


GO

DELETE FROM [COUPON]
WHERE [ID] = CAST(19 AS bigint);
SELECT @@ROWCOUNT;


GO

DELETE FROM [COUPON]
WHERE [ID] = CAST(20 AS bigint);
SELECT @@ROWCOUNT;


GO

DELETE FROM [COUPON]
WHERE [ID] = CAST(21 AS bigint);
SELECT @@ROWCOUNT;


GO

DELETE FROM [COUPON]
WHERE [ID] = CAST(22 AS bigint);
SELECT @@ROWCOUNT;


GO

DELETE FROM [COUPON]
WHERE [ID] = CAST(38 AS bigint);
SELECT @@ROWCOUNT;


GO

DELETE FROM [COUPON]
WHERE [ID] = CAST(43 AS bigint);
SELECT @@ROWCOUNT;


GO

DELETE FROM [COUPON]
WHERE [ID] = CAST(44 AS bigint);
SELECT @@ROWCOUNT;


GO

DELETE FROM [COUPON]
WHERE [ID] = CAST(45 AS bigint);
SELECT @@ROWCOUNT;


GO

DELETE FROM [COUPON]
WHERE [ID] = CAST(46 AS bigint);
SELECT @@ROWCOUNT;


GO

DELETE FROM [COUPON]
WHERE [ID] = CAST(47 AS bigint);
SELECT @@ROWCOUNT;


GO

DELETE FROM [COUPON]
WHERE [ID] = CAST(48 AS bigint);
SELECT @@ROWCOUNT;


GO

DELETE FROM [COUPON]
WHERE [ID] = CAST(49 AS bigint);
SELECT @@ROWCOUNT;


GO

DELETE FROM [COUPON]
WHERE [ID] = CAST(50 AS bigint);
SELECT @@ROWCOUNT;


GO

DELETE FROM [COUPON]
WHERE [ID] = CAST(51 AS bigint);
SELECT @@ROWCOUNT;


GO

DELETE FROM [COUPON]
WHERE [ID] = CAST(52 AS bigint);
SELECT @@ROWCOUNT;


GO

DELETE FROM [PROMOTION]
WHERE [ID] = CAST(7 AS bigint);
SELECT @@ROWCOUNT;


GO

DELETE FROM [PROMOTION]
WHERE [ID] = CAST(11 AS bigint);
SELECT @@ROWCOUNT;


GO

DELETE FROM [PROMOTION]
WHERE [ID] = CAST(1 AS bigint);
SELECT @@ROWCOUNT;


GO

DELETE FROM [PROMOTION]
WHERE [ID] = CAST(2 AS bigint);
SELECT @@ROWCOUNT;


GO

DELETE FROM [PROMOTION]
WHERE [ID] = CAST(3 AS bigint);
SELECT @@ROWCOUNT;


GO

DELETE FROM [PROMOTION]
WHERE [ID] = CAST(5 AS bigint);
SELECT @@ROWCOUNT;


GO

DELETE FROM [PROMOTION]
WHERE [ID] = CAST(25 AS bigint);
SELECT @@ROWCOUNT;


GO

DELETE FROM [PROMOTION]
WHERE [ID] = CAST(26 AS bigint);
SELECT @@ROWCOUNT;


GO

DECLARE @var0 sysname;
SELECT @var0 = [d].[name]
FROM [sys].[default_constraints] [d]
INNER JOIN [sys].[columns] [c] ON [d].[parent_column_id] = [c].[column_id] AND [d].[parent_object_id] = [c].[object_id]
WHERE ([d].[parent_object_id] = OBJECT_ID(N'[SYSTEM]') AND [c].[name] = N'PASSWORD');
IF @var0 IS NOT NULL EXEC(N'ALTER TABLE [SYSTEM] DROP CONSTRAINT [' + @var0 + '];');
ALTER TABLE [SYSTEM] DROP COLUMN [PASSWORD];

GO

EXEC sp_rename N'[SYSTEM].[USERNAME]', N'LOGIN', N'COLUMN';

GO

EXEC sp_rename N'[COUPON_HISTORY].[DATE]', N'ISSUED_DATE', N'COLUMN';

GO

ALTER TABLE [SYSTEM] ADD [PWD_HASH] nvarchar(200) NULL;

GO

INSERT INTO [__EFMigrationsHistory] ([MigrationId], [ProductVersion])
VALUES (N'20200616105115_SystemHasher', N'2.2.6-servicing-10079');

GO

ALTER TABLE [PROMOTION] ADD [NAME] nvarchar(40) NOT NULL DEFAULT N'';

GO

INSERT INTO [__EFMigrationsHistory] ([MigrationId], [ProductVersion])
VALUES (N'20200730100631_AppDBUpdate', N'2.2.6-servicing-10079');

GO

